<!DOCTYPE tokenLists SYSTEM "tokenLists.dtd">
<!-- 3AA-2.2 Natural amino acids -->
<!-- Histidine numbering uses Organic Chemistry numbering, not Biochemistry numbering -->
<!-- 3AA-2.3 added common examples of 'homo'-amino acids -->
<!-- 3AA-2.4 added common examples of 'nor'-amino acids -->
<!-- 3AA-4.4 added common examples of 'allo'-amino acids -->
<!-- 3AA-9.2 added common examples of 'iso'-amino acids -->
<!-- L-/D-/DL- etc. are handled by the grammar-->
<!-- Make sure that the substitutable N is given the defaultInID, and do not include the modifiable acid but note its position using suffixAppliesTo-->
<!-- The 99 locant of arginine like amino acids is a cludge to prevent the N5 and Nomega nitrogens being confused-->
<tokenLists>
	<tokenList tagname="group" type="aminoAcid" subType="endInIne" symbol="¨" >
		<token value="N[C@@H](C)C" labels="/2,alpha/3,beta/1" suffixAppliesTo="4" defaultInID="1">alan</token>
		<token value="NC(=C)C" labels="/2,alpha/3,beta/1" suffixAppliesTo="4" defaultInID="1">dehydroalan|alpha,beta-dehydroalan</token>
		<token value="N[C@@H](CCCNC(N)=N)C" labels="/2,alpha/3,beta/4,gamma/5,delta//guanidino-C,99/omega/omega'/1" suffixAppliesTo="10" defaultInID="1">argin</token>
		<token value="N[C@@H](CC(N)=O)C" labels="/2,alpha/3,beta/4,gamma///1" suffixAppliesTo="7" defaultInID="1">asparag</token>
		<token value="N[C@@H](CC)C(N)=O" labels="/2,alpha/3,beta/4,gamma/1//" suffixAppliesTo="4" defaultInID="1">isoasparag|alpha-asparag</token>
		<token value="N[C@@H](CCSC[C@@H](C)N)C" suffixAppliesTo="8,10" defaultInID="1">cystathion</token>
		<token value="N[C@@H](CCC)C(N)=O" labels="/4,gamma/3,beta/2,alpha/1///" suffixAppliesTo="5" defaultInID="1">isoglutam|iso-glutam</token>
		<token value="NCC" labels="/2,alpha/1" suffixAppliesTo="3" defaultInID="1">glyc</token>
		<token value="N[C@@H](Cc1c[nH]cn1)C" labels="/alpha/beta/4/5/1,tele,tau/2/3,pros,pi/" suffixAppliesTo="9" defaultInID="1">histid</token>
		<token value="N[C@@H]([C@@H](C)CC)C" labels="/2,alpha/3,beta/3'/4,gamma/5,delta/1" suffixAppliesTo="7" defaultInID="1">isoleuc|iso-leuc</token>
		<token value="N[C@@H]([C@H](C)CC)C" labels="/2,alpha/3,beta/3'/4,gamma/5,delta/1" suffixAppliesTo="7" defaultInID="1">alloisoleuc|allo-isoleuc</token>
		<token value="N[C@@H](CC(C)C)C" labels="/2,alpha/3,beta/4,gamma/5',delta'/5,delta/1" suffixAppliesTo="7" defaultInID="1">leuc</token>
		<token value="N[C@@H](CCCCN)C" labels="/2,alpha/3,beta/4,gamma/5,delta/6,epsilon//1" suffixAppliesTo="8" defaultInID="1">lys</token>
		<token value="N[C@@H](CCSC)C" labels="/2,alpha/3,beta/4,gamma//methyl/1" suffixAppliesTo="7" defaultInID="1">methion</token>
		<token value="N[C@@H](CC[Se]C)C" labels="/2,alpha/3,beta/4,gamma//methyl/1" suffixAppliesTo="7" defaultInID="1">selenomethion|seleno-methion</token>
		<token value="N[C@@H](CC[Te]C)C" labels="/2,alpha/3,beta/4,gamma//methyl/1" suffixAppliesTo="7" defaultInID="1">telluromethion|telluro-methion</token>
		<token value="N[C@@H](Cc1ccccc1)C" labels="/alpha/beta/1/2,ortho/3,meta/4,para/5/6/" suffixAppliesTo="10" defaultInID="1">phenylalan</token>
		<token value="NC(=Cc1ccccc1)C" labels="/alpha/beta/1/2,ortho/3,meta/4,para/5/6/" suffixAppliesTo="10" defaultInID="1">dehydrophenylalan|alpha,beta-dehydrophenylalan</token>
		<token value="N1[C@@H](CCC1)C" labels="1/2,alpha/3,beta/4,gamma/5,delta/" suffixAppliesTo="6" defaultInID="1">prol</token>
		<token value="N[C@@H](CO)C" labels="/2,alpha/3,beta/O/1" suffixAppliesTo="5" defaultInID="1">ser</token>
		<token value="N[C@@H]([C@H](O)C)C" labels="/2,alpha/3,beta/O/4,gamma/1" suffixAppliesTo="6" defaultInID="1">threon</token>
		<token value="N[C@@H]([C@@H](O)C)C" labels="/2,alpha/3,beta/O/4,gamma/1" suffixAppliesTo="6" defaultInID="1">allothreon|allo-threon</token>
		<token value="N[C@@H](Cc1ccc(cc1)O)C" labels="/alpha/beta/1/2,ortho/3,meta/4,para/5/6/O/" suffixAppliesTo="11" defaultInID="1">tyros</token>
		<token value="N[C@@H](C(C)C)C" labels="/2,alpha/3,beta/4',gamma'/4,gamma/1" suffixAppliesTo="6" defaultInID="1">val</token>
		<token value="N[C@@H](CCC)C" labels="/2,alpha/3,beta/4,gamma/5,delta/1" suffixAppliesTo="6" defaultInID="1">norval</token>
		<token value="N[C@@H](CCNC(N)=N)C" labels="/2,alpha/3,beta/4,gamma//guanidino-C,99/omega/omega'/1" suffixAppliesTo="9" defaultInID="1">norargin</token>
		<token value="N[C@@H](S)C" labels="/2,alpha//1" suffixAppliesTo="4" defaultInID="1">norcyste</token>
		<token value="N[C@@H](CCCC)C" labels="/2,alpha/3,beta/4,gamma/5,delta/6,epsilon/1" suffixAppliesTo="7" defaultInID="1">norleuc</token>
		<token value="N[C@@H](CCCC=O)C" labels="/2,alpha/3,beta/4,gamma/5,delta/6,epsilon//1" suffixAppliesTo="8" defaultInID="1">allys</token>
		<token value="N[C@@H](CCCNC(=O)N)C" labels="/2,alpha/3,beta/4,gamma/5,delta/////1" suffixAppliesTo="10" defaultInID="1">citrull</token>
		<token value="N[C@@H](CCCN)C" labels="/2,alpha/3,beta/4,gamma/5,delta//1" suffixAppliesTo="7" defaultInID="1">ornith</token>
		<token value="N(C)CC" labels="//2,alpha/1" suffixAppliesTo="4" defaultInID="1">sarcos</token>
		<token value="N[C@@H](Cc1ccc(cc1)Oc2ccc(cc2)O)C" labels="/alpha/beta/1/2/3/4/5/6//1'/2'/3'/4'/5'/6'//" suffixAppliesTo="18" defaultInID="1">thyron</token>
		<token value="N[C@@H](Cc1cc(I)c(c(I)c1)Oc2cc(I)c(c(I)c2)O)C" labels="/alpha/beta///////////////////" suffixAppliesTo="22" defaultInID="1">thyrox</token>
		<token value="N[C@@H](CCCCNC([C@H]1[C@H](C)CC=N1)=O)C" labels="/alpha/beta/gamma/delta/epsilon//////////" suffixAppliesTo="16" defaultInID="1">pyrrolys</token>
		<token value="N[C@@H](CSC[C@H](N)C)C" suffixAppliesTo="8,9" defaultInID="1">lanthion</token>
		<token value="N1[C@@H](C[C@@H](O)C1)C" labels="1/2,alpha/3,beta/4,gamma//5,delta/1" suffixAppliesTo="7" defaultInID="1">hydroxyprol</token>
		<token value="N[C@@H](CC[C@@H](O)CN)C" labels="/2,alpha/3,beta/4,gamma/5,delta//6,epsilon//1" suffixAppliesTo="9" defaultInID="1">hydroxylys</token>
		<token value="ON(C=O)CC" suffixAppliesTo="6">hadacid</token>
		<token value="NCC(O)C" labels="/3,beta/2,alpha//1" suffixAppliesTo="5" defaultInID="1">isoser|iso-ser</token>
		<token value="N[C@@H](CCC(=O)NNc1ccc(CO)cc1)C" labels="/2,alpha/3,beta/4,gamma/////////////1" suffixAppliesTo="17" defaultInID="1">agarit</token>
		<token value="N[C@@H](COC(=O)C=[N+]=[N-])C" labels="/2,alpha/3,beta///////1" suffixAppliesTo="10" defaultInID="1">azaser</token>
		<token value="N[C@@H](CN(O)N=O)C" labels="/2,alpha/3,beta/////1" suffixAppliesTo="8" defaultInID="1">alanos</token>
		<token value="N[C@@H](CNC(=O)N)C" labels="/2,alpha/3,beta/////1" suffixAppliesTo="8" defaultInID="1">albizz|albizzi</token>
		<token value="N[C@@H](CS(=O)CC=C)C" labels="/2,alpha/3,beta//////1" suffixAppliesTo="9" defaultInID="1">alli</token>
		<token value="N[C@@H](CCSCC)C" labels="/2,alpha/3,beta/4,gamma////1" suffixAppliesTo="8" defaultInID="1">ethion</token>
		<token value="N[C@@H](CC[Se]CC)C" labels="/2,alpha/3,beta/4,gamma////1" suffixAppliesTo="8" defaultInID="1">selenoethion|seleno-ethion</token>
		<token value="N[C@@H](CC[Te]CC)C" labels="/2,alpha/3,beta/4,gamma////1" suffixAppliesTo="8" defaultInID="1">telluroethion|telluro-ethion</token>
		<token value="N[C@@H](CCON)C" labels="/2,alpha/3,beta/4,gamma///1" suffixAppliesTo="7" defaultInID="1">canal</token>
		<token value="N[C@@H](CCONC(=N)N)C" labels="/2,alpha/3,beta/4,gamma//////1" suffixAppliesTo="10" defaultInID="1">canavan</token>
		<token value="NC1(CCCC1)C" labels="/2,alpha/3,beta/4,gamma/5,delta/6,epsilon/1" suffixAppliesTo="7" defaultInID="1">cycloleuc</token>
		<token value="N[C@@](C)(CC)C" labels="/2,alpha//3,beta/4,gamma/1" suffixAppliesTo="6" defaultInID="1">isoval|iso-val</token>
		<token value="N[C@@H](C(C)(C)S)C" labels="/2,alpha/3,beta////1" suffixAppliesTo="7" defaultInID="1">penicillam</token>
		<token value="NC(c1ccccc1)C" labels="/alpha/1/2,ortho/3,meta/4,para/5/6/" suffixAppliesTo="9" defaultInID="1">phenylglyc</token>
		<token value="N[C@@H](CCC(=O)NCC)C" labels="/2,alpha/3,beta/4,gamma//////1" suffixAppliesTo="10" defaultInID="1">thean</token>
		<token value="N[C@@H](CSC(C)(C)CCO)C" labels="/2,alpha/3,beta////////1" suffixAppliesTo="11" defaultInID="1">felin</token>
		<token value="N[C@@H](CCCCN=[N+]=[N-])C" labels="/2,alpha/3,beta/4,gamma/5,delta/6,epsilon////1" suffixAppliesTo="10" defaultInID="1">azidolys</token><!--somewhat of a misnomer-->
		<token value="N[C@@H](CCCCN=[N+]=[N-])C" labels="/2,alpha/3,beta/4,gamma/5,delta/6,epsilon////1" suffixAppliesTo="10" defaultInID="1">azido-lys|azidonorleuc|azido-norleuc</token>
		<token value="N[C@@H](CCN=[N+]=[N-])C" labels="/2,alpha/3,beta/4,gamma////1" suffixAppliesTo="8" defaultInID="1">azidohomoalan|azido-homoalan</token>
		<token value="N[C@@H](Cc1ccc(N=[N+]=[N-])cc1)C" labels="/alpha/beta/1/2,ortho/3,meta/4,para////5/6/" suffixAppliesTo="13" defaultInID="1">azidophenylalan|azido-phenylalan</token>
		<token value="N[C@@H](Cc1cc(I)c(cc1)O)C" labels="/alpha/beta/1/2,ortho/3,meta//4,para/5/6/O/" suffixAppliesTo="12" defaultInID="1">monoiodotyros|mono-iodotyros</token>
		<token value="N[C@@H](Cc1cc(I)c(c(I)c1)O)C" labels="/alpha/beta/1/2,ortho/3,meta//4,para/5//6/O/" suffixAppliesTo="13" defaultInID="1">diiodotyros|di-iodotyros</token>
		<token value="N[C@@H](Cc1cc(I)c(c(I)c1)Oc2cc(I)c(cc2)O)C" labels="/alpha/beta/1/2/3//4/5//6//1'/2'/3'//4'/5'/6'//" suffixAppliesTo="21" defaultInID="1">triiodothyron|tri-iodothyron</token>
		<token value="N[C@@H](C(C)(C)C)C" labels="/alpha/beta////" suffixAppliesTo="7" defaultInID="1">tertiaryleuc|tertiary-leuc|tertleuc|tert-leuc|tert.leuc|tert.-leuc|t-leuc</token>
		<token value="N1[C@@H](CSC1)C" labels="1/2,alpha/3,beta/4,gamma/5,delta/" suffixAppliesTo="6" defaultInID="1">thiaprol|thioprol</token>
		<token value="N[C@@H](C(C)(C)CO)C" labels="/alpha/beta/////" suffixAppliesTo="8" defaultInID="1">panton</token>
		<token value="N[C@@H](CCCC[N+](C)(C)C)C" labels="/2,alpha/3,beta/4,gamma/5,delta/6,epsilon/////1" suffixAppliesTo="11" defaultInID="1">lamin</token>
		<token value="N[C@@H](CCCCN[C@H](C(=O)O)CCC(=O)O)C" labels="/2,alpha/3,beta/4,gamma/5,delta/6,epsilon///////////1" suffixAppliesTo="17" defaultInID="1">saccharop</token>
		<token value="N[C@@H](CC(C)(C)C)C" labels="/2,alpha/3,beta/////1" suffixAppliesTo="8" defaultInID="1">tertiarybutylalan|tertiary-butylalan|tertbutylalan|tert-butylalan|tert.butylalan|tert.-butylalan|t-butylalan</token>
		<token value="NC(C(C)(C)C)C" labels="/2,alpha/////1" suffixAppliesTo="7" defaultInID="1">tertiarybutylglyc|tertiary-butylglyc|tertbutylglyc|tert-butylglyc|tert.butylglyc|tert.-butylglyc|t-butylglyc</token>
		<token value="NC(CC#C)C" labels="/2,alpha////1" suffixAppliesTo="6" defaultInID="1">propargylglyc</token>
		<token value="NC(CC=C)C" labels="/2,alpha/3,beta/4,gamma/5,delta/1" suffixAppliesTo="6" defaultInID="1">allylglyc</token>
		<token value="N[C@@H](c1[nH]c2ccccc2c1)C" labels="/alpha/2/1/7a/7/6/5/4/3a/3/" suffixAppliesTo="12" defaultInID="1">2-indolylglyc</token>
		<token value="N[C@@H](c1c[nH]c2ccccc12)C" labels="/alpha/3/2/1/7a/7/6/5/4/3a/" suffixAppliesTo="12" defaultInID="1">3-indolylglyc</token>
		<token value="N[C@@H](CCNC(=O)N)C" labels="/2,alpha/3,beta/4,gamma/////1" suffixAppliesTo="9" defaultInID="1">norcitrull</token>
		<token value="N[C@@H](c1ccc(cc1)O)C" labels="/alpha/1/2,ortho/3,meta/4,para/5/6/O/" suffixAppliesTo="10" defaultInID="1">nortyros</token><!--typically: 4-hydroxyphenylglycine-->
		<token value="N[C@@H](C(c1ccccc1)c1ccccc1)C" labels="/alpha/beta/1/2/3/4/5/6/1'/2'/3'/4'/5'/6'/" suffixAppliesTo="16" defaultInID="1">diphenylalan</token>

<!--homo amino acids-->
		<token value="N[C@@H](CC)C" labels="/2,alpha/3,beta/4,gamma/1" suffixAppliesTo="5" defaultInID="1">homoalan</token>
		<token value="N[C@@H](CCCCNC(N)=N)C" labels="/2,alpha/3,beta/4,gamma/5,delta/6,epsilon//guanidino-C,99/omega/omega'/1" suffixAppliesTo="11" defaultInID="1">homoargin</token>
		<token value="N[C@@H](CCCCNC(=O)N)C" labels="/2,alpha/3,beta/4,gamma/5,delta/6,epsilon/////1" suffixAppliesTo="11" defaultInID="1">homocitrull</token>
		<token value="N[C@@H](CCc1c[nH]cn1)C" labels="/alpha/beta/gamma/4/5/1,tele,tau/2/3,pros,pi/" suffixAppliesTo="10" defaultInID="1">homohistid</token>
		<token value="N[C@@H](CCCSC)C" labels="/2,alpha/3,beta/4,gamma/5,delta//methyl/1" suffixAppliesTo="8" defaultInID="1">homomethion</token>
		<token value="N[C@@H](CCSCC[C@H](N)C)C" suffixAppliesTo="10,11" defaultInID="1">homolanthion</token>
		<token value="N[C@@H](CCC(C)C)C" labels="/2,alpha/3,beta/4,gamma/5,delta/6',epsilon'/6,epsilon/1" suffixAppliesTo="8" defaultInID="1">homoleuc</token>
		<token value="N[C@@H](CCCCCN)C" labels="/2,alpha/3,beta/4,gamma/5,delta/6,epsilon/7,zeta//1" suffixAppliesTo="9" defaultInID="1">homolys</token>
		<token value="N[C@@H](CCc1ccccc1)C" labels="/alpha/beta/gamma/1/2,ortho/3,meta/4,para/5/6/" suffixAppliesTo="11" defaultInID="1">homophenylalan</token>
		<token value="N1[C@@H](CCCC1)C" labels="1/2,alpha/3,beta/4,gamma/5,delta/6,epsilon/" suffixAppliesTo="7" defaultInID="1">homoprol</token>
		<token value="NC(CCC#C)C" labels="/2,alpha/3,beta////1" suffixAppliesTo="7" defaultInID="1">homopropargylglyc</token>
		<token value="N[C@@H](CCO)C" labels="/2,alpha/3,beta/4,gamma/O/1" suffixAppliesTo="6" defaultInID="1">homoser</token>
		<token value="N[C@@H](CCc1ccc(cc1)O)C" labels="/alpha/beta/gamma/1/2,ortho/3,meta/4,para/5/6/O/" suffixAppliesTo="12" defaultInID="1">homotyros</token>

<!--beta amino acids-->
		<token value="NCCC" labels="/3,beta/2,alpha/1" suffixAppliesTo="4" defaultInID="1">beta-alan</token>
		<token value="N[C@@H](C)CC" labels="/3,beta/4,gamma/2,alpha/1" suffixAppliesTo="5" defaultInID="1">beta-homoalan</token>
		<token value="N[C@@H](CCCNC(N)=N)CC" labels="/3,beta/4,gamma/5,delta/6,epsilon//guanidino-C,99/omega/omega'/2,alpha/1" suffixAppliesTo="11" defaultInID="1">beta-homoargin</token>
		<token value="N[C@@H](CC(N)=O)CC" labels="/3,beta/4,gamma/5,delta///2,alpha/1" suffixAppliesTo="8" defaultInID="1">beta-homoasparag</token>
		<token value="N1[C@@H](C[C@@H](O)C1)CC" labels="1/2/3/4//5//" suffixAppliesTo="8" defaultInID="1">beta-homohydroxyprol</token>
		<token value="N[C@@H]([C@@H](C)CC)CC" labels="/3,beta/3'/4,gamma/5,delta/6,epsilon/2,alpha/1" suffixAppliesTo="8" defaultInID="1">beta-homoisoleuc</token>
		<token value="N[C@@H](CC(C)C)CC" labels="/3,beta/4,gamma/5,delta/6',epsilon'/6,epsilon/2,alpha/1" suffixAppliesTo="8" defaultInID="1">beta-homoleuc</token>
		<token value="N[C@@H](CCCCN)CC" labels="/3,beta/4,gamma/5,delta/6,epsilon/7,zeta//2,alpha/1" suffixAppliesTo="9" defaultInID="1">beta-homolys</token>
		<token value="N[C@@H](CCSC)CC" labels="/3,beta/4,gamma/5,delta//methyl/2,alpha/1" suffixAppliesTo="8" defaultInID="1">beta-homomethion</token>
		<token value="N[C@@H](Cc1ccccc1)CC" labels="/beta/gamma/1/2,ortho/3,meta/4,para/5/6/alpha/" suffixAppliesTo="11" defaultInID="1">beta-homophenylalan</token>
		<token value="N1[C@@H](CCC1)CC" labels="1/2,alpha/3,beta/4,gamma/5,delta//" suffixAppliesTo="7" defaultInID="1">beta-homoprol</token>
		<token value="NC(CC#C)CC" labels="/3,beta////2,alpha/1" suffixAppliesTo="7" defaultInID="1">beta-homopropargylglyc</token>
		<token value="N[C@@H](CO)CC" labels="/3,beta/4,gamma/O/2,alpha/1" suffixAppliesTo="6" defaultInID="1">beta-homoser</token>
		<token value="N[C@@H]([C@H](O)C)CC" labels="/3,beta/4,gamma/O/5,delta/2,alpha/1" suffixAppliesTo="7" defaultInID="1">beta-homothreon</token>
		<token value="N[C@@H](Cc1ccc(cc1)O)CC" labels="/beta/gamma/1/2,ortho/3,meta/4,para/5/6/O/alpha/" suffixAppliesTo="12" defaultInID="1">beta-homotyros</token>
		<token value="N[C@@H](C(C)C)CC" labels="/3,beta/4,gamma/5',delta'/5,delta/2,alpha/1" suffixAppliesTo="7" defaultInID="1">beta-leuc</token>
		<token value="N[C@@H](c1ccccc1)CC" labels="/beta/1/2,ortho/3,meta/4,para/5/6/alpha/" suffixAppliesTo="10" defaultInID="1">beta-phenylalan</token>
	</tokenList>

<!--These amino acids ends in yl even when forming acyl groups as otherwise they cause ambiguity with the acyls from the acid version
e.g. glutamyl relates to glutamic acid not glutamine-->
	<tokenList tagname="group" type="aminoAcid" subType="endInIne" symbol="Æ" >
		<token value="N[C@@H](CCC)C(N)=O" labels="/4,gamma/3,beta/2,alpha/1///" suffixAppliesTo="5" defaultInID="1">alpha-glutam</token>
		<token value="N[C@@H](CCC(N)=O)C" labels="/2,alpha/3,beta/4,gamma/5,delta///1" suffixAppliesTo="8" defaultInID="1">glutam</token>
		<token value="N[C@@H](CC(N)=O)CC" labels="/3,beta/4,gamma/5,delta///2,alpha/1" suffixAppliesTo="8" defaultInID="1">beta-glutam</token>
		<token value="N[C@@H](CCCC(N)=O)C" labels="/2,alpha/3,beta/4,gamma/5,delta/6,epsilon///1" suffixAppliesTo="9" defaultInID="1">homoglutam</token>
		<token value="N[C@@H](CCC(N)=O)CC" labels="/3,beta/4,gamma/5,delta/6,epsilon///2,alpha/1" suffixAppliesTo="9" defaultInID="1">beta-homoglutam</token>
		<token value="N[C@@H](CS)C" labels="/2,alpha/3,beta//1" suffixAppliesTo="5" defaultInID="1">cyste</token>
		<token value="N[C@@H](CCS)C" labels="/2,alpha/3,beta/4,gamma//1" suffixAppliesTo="6" defaultInID="1">homocyste</token>
		<token value="N[C@@H](C[SeH])C" labels="/2,alpha/3,beta//1" suffixAppliesTo="5" defaultInID="1">selenocyste|seleno-cyste</token>
		<token value="N[C@@H](CC[Se])C" labels="/2,alpha/3,beta/4,gamma//1" suffixAppliesTo="6" defaultInID="1">selenohomocyste|seleno-homocyste</token>
		<token value="N[C@@H](C[TeH])C" labels="/2,alpha/3,beta//1" suffixAppliesTo="5" defaultInID="1">tellurocyste|telluro-cyste</token>
		<token value="N[C@@H](CC[Te])C" labels="/2,alpha/3,beta/4,gamma//1" suffixAppliesTo="6" defaultInID="1">tellurohomocyste|telluro-homocyste</token>
	</tokenList>

	<tokenList tagname="group" type="aminoAcid" subType="endInAn" symbol="©" ><!--why isn't this tryptophine!!!!-->
		<token value="N[C@@H](Cc1c[nH]c2ccccc12)C" labels="/alpha/beta/3/2/1/7a/7/6/5/4/3a/" suffixAppliesTo="13" defaultInID="1">tryptoph</token>
		<token value="N[C@@H](CCc1c[nH]c2ccccc12)C" labels="/alpha/beta/gamma/3/2/1/7a/7/6/5/4/3a/" suffixAppliesTo="14" defaultInID="1">homotryptoph</token>
		<token value="N[C@@H](Cc1c[nH]c2ccccc12)CC" labels="/beta/gamma/3/2/1/7a/7/6/5/4/3a/alpha/" suffixAppliesTo="14" defaultInID="1">beta-homotryptoph</token>
		<token value="N[C@@H](c1c[nH]c2ccccc12)C" labels="/alpha/3/2/1/7a/7/6/5/4/3a/" suffixAppliesTo="12" defaultInID="1">nortryptoph</token><!--typically: 3-indolylglycine-->
	</tokenList>

	<tokenList tagname="group" type="aminoAcid" subType="endInIc" symbol="ª" >
		<token value="N[C@@H](CC)C" labels="/2,alpha/3,beta/4,gamma/1" suffixAppliesTo="5,4" defaultInID="1">aspart</token>
		<token value="N[C@@H](CCC)C" labels="/2,alpha/3,beta/4,gamma/5,delta/1" suffixAppliesTo="6,5" defaultInID="1">homoaspart|glutam</token>
		<token value="N[C@@H](CCCC)C" labels="/2,alpha/3,beta/4,gamma/5,delta/6,epsilon/1" suffixAppliesTo="7,6" defaultInID="1">homoglutam</token>
		<token value="N[C@@H](CCC)CC" labels="/3,beta/4,gamma/5,delta/6,epsilon/2,alpha/1" suffixAppliesTo="7,5" defaultInID="1">beta-homoglutam</token>
		<token value="N[C@@H](CC)CC" labels="/3,beta/4,gamma/5,delta/2,alpha/1" suffixAppliesTo="6,4" defaultInID="1">beta-glutam|beta-homoaspart</token>
		<token value="N[C@@H](CC(C(=O)O)C)C" labels="/2,alpha/3,beta/4,gamma/////1" suffixAppliesTo="9,8" defaultInID="1">carboxyglutam</token>
		<token value="N[C@@H](CS(=O)(O)=O)C" labels="/2,alpha/3,beta/////1" suffixAppliesTo="8" defaultInID="1">cyste</token>
		<token value="N[C@@H](CCS(=O)(O)=O)C" labels="/2,alpha/3,beta/4,gamma/////1" suffixAppliesTo="9" defaultInID="1">homocyste</token>
		<token value="N[C@@H](C[Se](=O)(O)=O)C" labels="/2,alpha/3,beta/////1" suffixAppliesTo="8" defaultInID="1">selenocyste|seleno-cyste</token>
		<token value="N[C@@H](C[Te](=O)(O)=O)C" labels="/2,alpha/3,beta/////1" suffixAppliesTo="8" defaultInID="1">tellurocyste|telluro-cyste</token>
		<token value="CCCNC([C@H](O)C(C)(C)CO)=O" labels="/alpha/beta//////////" suffixAppliesTo="1">pantothen</token>
		<token value="N1[C@@H](CCC1=O)C" labels="/2,alpha/3,beta/4,gamma/5,delta//1" suffixAppliesTo="7" defaultInID="1">pyroglutam</token>
	</tokenList>

	<tokenList tagname="group" type="aminoAcid" subType="simpleSubstituent" symbol="x"><!--semi trivial amino acid substituents-->
		<token value="N[C@@H](CC(O)=O)C=O" labels="/2,alpha/3,beta/4,gamma///1/" outIDs="7" defaultInID="1">aspart-1-yl|l-aspart-1-yl|alpha-aspartyl|l-alpha-aspartyl|alpha-l-aspartyl</token>
		<token value="N[C@H](CC(O)=O)C=O" labels="/2,alpha/3,beta/4,gamma///1/" outIDs="7" defaultInID="1">d-aspart-1-yl|d-alpha-aspartyl|alpha-d-aspartyl</token>
		<token value="N[C@@H](CC=O)C(=O)O" labels="/2,alpha/3,beta/4,gamma//1//" outIDs="4" defaultInID="1">aspart-4-yl|l-aspart-4-yl|beta-aspartyl|l-beta-aspartyl|beta-l-aspartyl</token>
		<token value="N[C@H](CC=O)C(=O)O" labels="/2,alpha/3,beta/4,gamma//1//" outIDs="4" defaultInID="1">d-aspart-4-yl|d-beta-aspartyl|beta-d-aspartyl</token>
		<token value="N[C@@H](CCC(O)=O)C=O" labels="/2,alpha/3,beta/4,gamma/5,delta///1/" outIDs="8" defaultInID="1">glutam-1-yl|l-glutam-1-yl|alpha-glutamyl|l-alpha-glutamyl|alpha-l-glutamyl</token>
		<token value="N[C@H](CCC(O)=O)C=O" labels="/2,alpha/3,beta/4,gamma/5,delta///1/" outIDs="8" defaultInID="1">d-glutam-1-yl|d-alpha-glutamyl|alpha-d-glutamyl</token>
		<token value="N[C@@H](CCC=O)C(=O)O" labels="/2,alpha/3,beta/4,gamma/5,delta//1//" outIDs="5" defaultInID="1">glutam-5-yl|l-glutam-5-yl|gamma-glutamyl|l-gamma-glutamyl|gamma-l-glutamyl</token>
		<token value="N[C@H](CCC=O)C(=O)O" labels="/2,alpha/3,beta/4,gamma/5,delta//1//" outIDs="5" defaultInID="1">d-glutam-5-yl|d-gamma-glutamyl|gamma-d-glutamyl</token>

		<token value="C([C@@H](C(=O))N)SSC[C@@H](C(=O))N" outIDs="3,10">cystyl|l-cystyl</token>
		<token value="C([C@H](C(=O))N)SSC[C@H](C(=O))N" outIDs="3,10">d-cystyl</token>
		<token value="N[C@@H](CS)C=O" labels="/2,alpha/3,beta//1/" outIDs="4,5" defaultInID="1">half-cystyl|l-half-cystyl</token>
		<token value="N[C@H](CS)C=O" labels="/2,alpha/3,beta//1/" outIDs="4,5" defaultInID="1">d-half-cystyl</token>
		<token value="N[C@@H](Cc1c[nH]c2ccccc12)C=O" labels="/alpha/beta/3/2/1/7a/7/6/5/4/3a//" outIDs="13" defaultInID="1">tryptyl|l-tryptyl</token>
		<token value="N[C@H](Cc1c[nH]c2ccccc12)C=O" labels="/alpha/beta/3/2/1/7a/7/6/5/4/3a//" outIDs="13" defaultInID="1">d-tryptyl</token>
	</tokenList>

	<tokenList tagname="group" type="aminoAcid" subType="simpleGroup" symbol="Þ"><!--semi trivial amino acids (can be implicitly D/L prefixed)-->
		<token value="N[C@@H](CC(=O)[O-])C(=O)[O-]" labels="/2,alpha/3,beta/4,gamma///1//" functionalIDs="6,9" defaultInID="1">aspartate(2-)</token>
		<token value="N[C@@H](CC(=O)O)C(=O)[O-]" labels="/2,alpha/3,beta/4,gamma///1//" functionalIDs="9" defaultInID="1">aspartate(1-)</token>
		<token value="N[C@@H](CCC(=O)[O-])C(=O)[O-]" labels="/2,alpha/3,beta/4,gamma/5,delta///1//" functionalIDs="7,10" defaultInID="1">glutamate(2-)</token>
		<token value="N[C@@H](CCC(=O)O)C(=O)[O-]" labels="/2,alpha/3,beta/4,gamma/5,delta///1//" functionalIDs="10" defaultInID="1">glutamate(1-)</token>
		<token value="[NH3+][C@@H](CCCCN)C(=O)O" labels="/2,alpha/3,beta/4,gamma/5,delta/6,epsilon//1//" defaultInID="1">lysinium(1+)</token>
		<token value="[NH3+][C@@H](CCCC[NH3+])C(=O)O" labels="/2,alpha/3,beta/4,gamma/5,delta/6,epsilon//1//" defaultInID="1">lysinium(2+)</token>

		<token value="N[C@@H](CC(=O)O)C=O" labels="/2,alpha/3,beta/4,gamma///1/" functionalIDs="6" defaultInID="1">aspart-1-al</token>
		<token value="N[C@@H](CC(=O))C(=O)O" labels="/2,alpha/3,beta/4,gamma//1//" functionalIDs="8" defaultInID="1">aspart-4-al</token>
		<token value="N[C@@H](CC(=O)O)CO" labels="/2,alpha/3,beta/4,gamma///1/" functionalIDs="6" defaultInID="1">aspart-1-ol</token>
		<token value="N[C@@H](CC(O))C(=O)O" labels="/2,alpha/3,beta/4,gamma//1//" functionalIDs="8" defaultInID="1">aspart-4-ol</token>

		<token value="N[C@@H](CCC(=O)O)C=O" labels="/2,alpha/3,beta/4,gamma/5,delta///1/" functionalIDs="7" defaultInID="1">glutam-1-al</token>
		<token value="N[C@@H](CCC(=O))C(=O)O" labels="/2,alpha/3,beta/4,gamma/5,delta//1//" functionalIDs="9" defaultInID="1">glutam-4-al</token>
		<token value="N[C@@H](CCC(=O)O)CO" labels="/2,alpha/3,beta/4,gamma/5,delta///1/" functionalIDs="7" defaultInID="1">glutam-1-ol</token>
		<token value="N[C@@H](CCC(O))C(=O)O" labels="/2,alpha/3,beta/4,gamma/5,delta//1//" functionalIDs="9" defaultInID="1">glutam-4-ol</token>

		<token value="N[C@@H](CCCNC(N)=N)C(=O)N" labels="/2,alpha/3,beta/4,gamma/5,delta//guanidino-C,99/omega/omega'/1//" functionalIDs="12,12" defaultInID="1">arginamide|arginamid</token>
		<token value="N[C@@H](CCCNC(N)=N)C(=O)[O-]" labels="/2,alpha/3,beta/4,gamma/5,delta//guanidino-C,99/omega/omega'/1//" functionalIDs="12" defaultInID="1">arginate|arginat</token>
		<token value="N[C@@H](CCCCNC(N)=N)C(=O)N" labels="/2,alpha/3,beta/4,gamma/5,delta/6,epsilon//guanidino-C,99/omega/omega'/1//" functionalIDs="13,13" defaultInID="1">homoarginamide|homoarginamid</token>
		<token value="N[C@@H](CCCCNC(N)=N)C(=O)[O-]" labels="/2,alpha/3,beta/4,gamma/5,delta/6,epsilon//guanidino-C,99/omega/omega'/1//" functionalIDs="13" defaultInID="1">homoarginate|homoarginat</token>
		<token value="N[C@@H](CCS(=O)C)C(=O)O" labels="/2,alpha/3,beta/4,gamma///methyl/1//" functionalIDs="10" defaultInID="1">methionine sulfoxide|methioninesulfoxide|methionin sulfoxid|methionin-sulfoxid|methioninsulfoxid|methionine oxide|methionineoxide|methionin oxid|methionin-oxid|methioninoxid</token>
		<token value="OCCCNC([C@H](O)C(C)(C)CO)=O">pantothenol|panthenol</token>
		<token value="N1[C@@H](CCC1=O)C(=O)O" labels="/2,alpha/3,beta/4,gamma/5,delta//1//" functionalIDs="9" defaultInID="1">pidolic acid|pidolicacid</token>
		<token value="N1[C@@H](CCC1=O)C(=O)[O-]" labels="/2,alpha/3,beta/4,gamma/5,delta//1//" functionalIDs="9" defaultInID="1">pidolate|pidolat</token>
		<token value="N1[C@@H](CCC1=O)C=O" labels="/2,alpha/3,beta/4,gamma/5,delta//1/" defaultInID="1">pyroglutamal</token>
		<token value="N1[C@@H](CCC1=O)CO" labels="/2,alpha/3,beta/4,gamma/5,delta//1/" defaultInID="1">pyroglutamol</token>
		<token value="N1[C@@H](CCC1=O)C(=O)N" labels="/2,alpha/3,beta/4,gamma/5,delta//1//" functionalIDs="9" defaultInID="1">pyroglutamide|pyroglutamid</token>
		<token value="N[C@@H](CC[Se](=O)C)C(=O)O" labels="/2,alpha/3,beta/4,gamma///methyl/1//" functionalIDs="10" defaultInID="1">selenomethionine selenoxide|selenomethionineselenoxide|selenomethionin selenoxid|selenomethionin-selenoxid|selenomethioninselenoxid|selenomethionine oxide|selenomethionineoxide|selenomethionin oxid|selenomethionin-oxid|selenomethioninoxid</token>
		<token value="N[C@@H](CC[Te](=O)C)C(=O)O" labels="/2,alpha/3,beta/4,gamma///methyl/1//" functionalIDs="10" defaultInID="1">telluromethionine telluroxide|telluromethioninetelluroxide|telluromethionin telluroxid|telluromethionin-telluroxid|telluromethionintelluroxid|telluromethionine oxide|telluromethionineoxide|telluromethionin oxid|telluromethionin-oxid|telluromethioninoxid</token>

		<token value="N(C)[C@@H](Cc1c[nH]c2ccccc12)C(=O)O" labels="//alpha/beta/3/2/1/7a/7/6/5/4/3a///" defaultInID="1">abrine</token>
		<token value="C([C@@H](C(=O)O)N)SSC[C@@H](C(=O)O)N" functionalIDs="5,13">cystine|cystin</token>
		<token value="C([C@@H](C(=O)[O-])N)SSC[C@@H](C(=O)[O-])N" functionalIDs="5,13">cystinate|cystinat</token>
		<token value="O=C(O)[C@@H](N)Cc1ccc(O)c(O)c1" defaultInID="5">dopa</token>
		<token value="C(C[C@@H](C(=O)O)N)SSCC[C@@H](C(=O)O)N" functionalIDs="6,15">homocystine|homocystin</token>
		<token value="C(C[C@@H](C(=O)[O-])N)SSCC[C@@H](C(=O)[O-])N" functionalIDs="6,15">homocystinate|homocystinat</token>
		<token value="C([C@@H](C(=O)O)N)[Se][Se]C[C@@H](C(=O)O)N" functionalIDs="5,13">selenocystine|seleno-cystine|selenocystin|seleno-cystin</token>
		<token value="C([C@@H](C(=O)[O-])N)[Se][Se]C[C@@H](C(=O)[O-])N" functionalIDs="5,13">selenocystinate|seleno-cystinate|selenocystinat|seleno-cystinat</token>
		<token value="C([C@@H](C(=O)O)N)[Te][Te]C[C@@H](C(=O)O)N" functionalIDs="5,13">tellurocystine|telluro-cystine|tellurocystin|telluro-cystin</token>
		<token value="C([C@@H](C(=O)[O-])N)[Te][Te]C[C@@H](C(=O)[O-])N" functionalIDs="5,13">tellurocystinate|telluro-cystinate|tellurocystinat|telluro-cystinat</token>
	</tokenList>

	<tokenList tagname="group" type="aminoAcid" subType="simpleGroup" symbol="G">
		<token value="N(C(C)C(=O)O)C(C)C(=O)O" functionalIDs="6,11" defaultInID="1">alanopine|alanopin</token>
		<token value="N(C(C)C(=O)O)CCC(=O)O" functionalIDs="6,11" defaultInID="1">beta-alanopine|beta-alanopin</token>
		<token value="NC(CC)C(=O)O" labels="/2,alpha/3,beta/4,gamma/1//" functionalIDs="7" defaultInID="1">butyrine</token>
		<token value="OC(C[N+](C)(C)C)CC([O-])=O">carnitine|carnitin</token>
		<token value="O[C@@H](C[N+](C)(C)C)CC([O-])=O">l-carnitine|l-carnitin</token>
		<token value="O[C@H](C[N+](C)(C)C)CC([O-])=O">d-carnitine|d-carnitin</token>
		<token value="NCCP(=O)(O)O" functionalIDs="6,7" defaultInID="1">ciliatine</token>
		<token value="O=C(O)CN(C)C(N)=N" functionalIDs="3">creatine|creatin</token>
		<token value="NCCSSCCN" defaultInID="1">cystamine|cystamin</token>
		<token value="NCCS" labels="/2,alpha/3,beta/" defaultInID="1">cysteamine|cysteamin</token>
		<token value="N[C@@H](CCC[C@@H](N)C(=O)O)C(=O)O" labels="/2,alpha/3,beta/4,gamma/5,delta/6,epsilon/////1//" functionalIDs="10,13">diaminopimelic acid|d,l-diaminopimelic acid|meso-diaminopimelic acid</token>
		<token value="N[C@@H](CCC[C@H](N)C(=O)O)C(=O)O" labels="/2,alpha/3,beta/4,gamma/5,delta/6,epsilon/////1//" functionalIDs="10,13">l,l-diaminopimelic acid|ll-diaminopimelic acid|l-diaminopimelic acid</token>
		<token value="N[C@H](CCC[C@@H](N)C(=O)O)C(=O)O" labels="/2,alpha/3,beta/4,gamma/5,delta/6,epsilon/////1//" functionalIDs="10,13">d,d-diaminopimelic acid|dd-diaminopimelic acid|d-diaminopimelic acid</token>
		<token value="N[C@@H](Cc1cc(Br)c(c(Br)c1)O)C(=O)O" labels="/alpha/beta/1/2,ortho/3,meta//4,para/5//6/O///" functionalIDs="15">dibromotyrosine|dibromotyrosin</token><!--drug name-->
		<token value="N[C@@H](c1cc(O)cc(O)c1)C(=O)O" labels="/alpha/1/2,ortho/3,meta//4,para/5//6///" functionalIDs="13">dihydroxyphenylglycine|dihydroxyphenylglycin</token><!--drug name-->
		<token value="O=C(N[C@H](C(NCC(O)=O)=O)CSSC[C@H](NC(CC[C@H](N)C(O)=O)=O)C(NCC(O)=O)=O)CC[C@H](N)C(O)=O" functionalIDs="9,24,31,39">glutathione disulfide|glutathionedisulfide|glutathion disulfid|glutathion-disulfid|glutathiondisulfid</token>
		<token value="N1CC(C(=O)O)=CCC1">guvacine|guvacin</token>
		<token value="NCCCS(=O)O" labels="/3,gamma/2,beta/1,alpha///" functionalIDs="7" defaultInID="1">homohypotaurine|homohypotaurin</token>
		<token value="NCCCS(=O)[O-]" labels="/3,gamma/2,beta/1,alpha///" functionalIDs="7" defaultInID="1">homohypotaurinate|homohypotaurate|homohypotaurinat|homohypotaurat</token>
		<token value="NCCC[Se](=O)O" labels="/3,gamma/2,beta/1,alpha///" functionalIDs="7" defaultInID="1">homoselenohypotaurine|homoselenohypotaurin</token>
		<token value="NCCC[Se](=O)[O-]" labels="/3,gamma/2,beta/1,alpha///" functionalIDs="7" defaultInID="1">homoselenohypotaurinate|homoselenohypotaurate|homoselenohypotaurinat|homoselenohypotaurat</token>
		<token value="NCCCS(=O)(=O)O" labels="/3,gamma/2,beta/1,alpha////" functionalIDs="8" defaultInID="1">homotaurine|homotaurin</token>
		<token value="NCCCS(=O)(=O)[O-]" labels="/3,gamma/2,beta/1,alpha////" functionalIDs="8" defaultInID="1">homotaurinate|homotaurate|homotaurinat|homotaurat</token>
		<token value="NCCC[Se](=O)(=O)O" labels="/3,gamma/2,beta/1,alpha////" functionalIDs="8" defaultInID="1">homoselenotaurine|homoselenotaurin</token>
		<token value="NCCC[Se](=O)(=O)[O-]" labels="/3,gamma/2,beta/1,alpha////" functionalIDs="8" defaultInID="1">homoselenotaurinate|homoselenotaurate|homoselenotaurinat|homoselenotaurat</token>
		<token value="NCCS(=O)O" labels="/2,beta/1,alpha///" functionalIDs="6" defaultInID="1">hypotaurine|hypotaurin</token>
		<token value="NCCS(=O)[O-]" labels="/2,beta/1,alpha///" functionalIDs="6" defaultInID="1">hypotaurinate|hypotaurate|hypotaurinat|hypotaurat</token>
		<token value="NC(=N)NCCS(=O)O" functionalIDs="9">hypotaurocyamine|hypotaurocyamin</token>
		<token value="NCCCSC" labels="/2,alpha/3,beta/4,gamma//methyl" defaultInID="1">methioninamine|methioninamin</token>
		<token value="N[C@@H](C[Se]C)C(=O)O" labels="/2,alpha/3,beta///1//" functionalIDs="8">methylselenocysteine|methylselenocystein</token><!--drug name-->
		<token value="NC(=N)NCCCC(C(=O)O)NC(C(=O)O)CCC(=O)O" functionalIDs="11,16,21">nopaline</token>
		<token value="NCCCC(C(=O)O)NC(C)C(=O)O" functionalIDs="8,14">octopinic acid|octopinicacid</token>
		<token value="NC(=N)NCCCC(C(=O)O)NC(C)C(=O)O" functionalIDs="11,17">octopine|octopin</token>
		<token value="NCC[Se][Se]CCN" defaultInID="1">selenocystamine|seleno-cystamine|selenocystamin|seleno-cystamin</token>
		<token value="NCC[SeH]" labels="/2,alpha/3,beta/" defaultInID="1">selenocysteamine|seleno-cysteamine|selenocysteamin|seleno-cysteamin</token>
		<token value="NCC[Se](=O)O" labels="/2,beta/1,alpha///" functionalIDs="6" defaultInID="1">selenohypotaurine|seleno-hypotaurine|selenohypotaurin|seleno-hypotaurin</token>
		<token value="NCC[Se](=O)[O-]" labels="/2,beta/1,alpha///" functionalIDs="6" defaultInID="1">selenohypotaurinate|seleno-hypotaurinate|selenohypotaurate|seleno-hypotaurate|selenohypotaurinat|seleno-hypotaurinat|selenohypotaurat|seleno-hypotaurat</token>
		<token value="N(C(C)C(=O)O)CC(=O)O" functionalIDs="6,10" defaultInID="1">strombine</token>
		<token value="NCCS(=O)(=O)O" labels="/2,beta/1,alpha////" functionalIDs="7" defaultInID="1">taurine|taurin</token>
		<token value="NCCS(=O)(=O)[O-]" labels="/2,beta/1,alpha////" functionalIDs="7" defaultInID="1">taurinate|taurate|taurinat|taurat</token>
		<token value="NC(C)(C)CS(=O)(=O)[O-]" labels="/2,beta///1,alpha////" functionalIDs="9" defaultInID="1">dimethyltaurate|dimethyltaurat</token><!--implicitly 2,2-dimethyl-->
		<token value="NCC[Se](=O)(=O)O" labels="/2,beta/1,alpha////" functionalIDs="7" defaultInID="1">selenotaurine|seleno-taurine|selenotaurin|seleno-taurin</token>
		<token value="NCC[Se](=O)(=O)[O-]" labels="/2,beta/1,alpha////" functionalIDs="7" defaultInID="1">selenotaurinate|seleno-taurinate|selenotaurate|seleno-taurate|selenotaurinat|seleno-taurinat|selenotaurat|seleno-taurat</token>
		<token value="NC(=N)NCCS(=O)(=O)O" functionalIDs="10">taurocyamine|taurocyamin</token>
		<token value="N(C(C)C(=O)O)CCS(=O)(=O)O" functionalIDs="6,12" defaultInID="1">tauropine|tauropin</token>
		<token value="NC(c1nnnn1)C(=O)O" labels="/2,alpha//////1//" functionalIDs="10">tetrazolylglycine|tetrazolylglycin</token><!--drug name-->
		<token value="N(CC(=O)O)C(CO)(CO)CO" functionalIDs="5" defaultInID="1">tricine</token>
		<token value="NC(CC(=O)(O))CCCN" labels="/3/2/1///4/5/6/" functionalIDs="6">isolysine|beta-lysine|isolysin|beta-lysin</token>
		<token value="O=C(O)[C@H](N[C@H](C(=O)O)CCCCN)C" functionalIDs="3">lysopine|d-lysopine|lysopin|d-lysopin</token>
		<token value="N[C@H](CC[S@@](=O)C)C(=O)O" labels="/2,alpha/3,beta/4,gamma///methyl/1//" functionalIDs="10" defaultInID="1">d-methionine (s)-sulfoxide|d-methionine-(s)-sulfoxide|d-methionine-s-sulfoxide|d-methionin-(s)-sulfoxid|d-methionin-s-sulfoxid|d-methionine (s)-s-oxide|d-methionine-(s)-s-oxide|d-methionin-(s)-s-oxid</token>
		<token value="N[C@H](CC[S@](=O)C)C(=O)O" labels="/2,alpha/3,beta/4,gamma///methyl/1//" functionalIDs="10" defaultInID="1">d-methionine (r)-sulfoxide|d-methionine-(r)-sulfoxide|d-methionine-r-sulfoxide|d-methionin-(r)-sulfoxid|d-methionin-r-sulfoxid|d-methionine (r)-s-oxide|d-methionine-(r)-s-oxide|d-methionin-(r)-s-oxid</token>
		<token value="N[C@@H](CC[S@@](=O)C)C(=O)O" labels="/2,alpha/3,beta/4,gamma///methyl/1//" functionalIDs="10" defaultInID="1">methionine (s)-sulfoxide|methionine-(s)-sulfoxide|methionine-s-sulfoxide|methionin-(s)-sulfoxid|methionin-s-sulfoxid|methionine (s)-s-oxide|methionine-(s)-s-oxide|methionin-(s)-s-oxid|l-methionine (s)-sulfoxide|l-methionine-(s)-sulfoxide|l-methionine-s-sulfoxide|l-methionin-(s)-sulfoxid|l-methionin-s-sulfoxid|l-methionine (s)-s-oxide|l-methionine-(s)-s-oxide|l-methionin-(s)-s-oxid</token>
		<token value="N[C@@H](CC[S@](=O)C)C(=O)O" labels="/2,alpha/3,beta/4,gamma///methyl/1//" functionalIDs="10" defaultInID="1">methionine (r)-sulfoxide|methionine-(r)-sulfoxide|methionine-r-sulfoxide|methionin-(r)-sulfoxid|methionin-r-sulfoxid|methionine (r)-s-oxide|methionine-(r)-s-oxide|methionin-(r)-s-oxid|l-methionine (r)-sulfoxide|l-methionine-(r)-sulfoxide|l-methionine-r-sulfoxide|l-methionin-(r)-sulfoxid|l-methionin-r-sulfoxid|l-methionine (r)-s-oxide|l-methionine-(r)-s-oxide|l-methionin-(r)-s-oxid</token>
		<token value="O=C(NCCC(NCCS)=O)[C@H](O)C(C)(C)CO">pantetheine|pantethein</token>
		<token value="N[C@@H](CC(C)C)[C@@H](O)CC(O)=O" labels="/4/5/6///3//2/1//" functionalIDs="11" defaultInID="1">statine</token>
		<token value="C[N+](C)(C)CC(=O)[O-]" labels="////2,alpha/1//">trimethylglycine|trimethylglycin</token>
	</tokenList>
</tokenLists>
