<!DOCTYPE tokenLists SYSTEM "tokenLists.dtd">
<!--IUPAC only allows the contracted form e.g. pyridine -> pyridyl (instead of pyridinyl) for a  limited selection of rings
In practice it was found that while not that common that such contractions were used for many other rings
Hence for cases that are unambiguous they are included here e.g. NOT indyl (could mean indenyl or indanyl) or fluoryl (could mean F radical)
-->
<tokenLists>
	<!--Contracted form allows only inline suffixes e.g. NOT [tol, one] -->
	<tokenList tagname="group" type="ring" subType="arylSubstituent" symbol="b">
		<token value="[nH]1cncc1" labels="1/2/3/4/5">imidaz</token>
		<token value="[nH]1ncc2ccccc12" labels="1/2/3/3a/4/5/6/7/7a">indaz</token>
		<token value="c1scc2ccccc12" labels="1/2/3/3a/4/5/6/7/7a">isobenzothioph</token>
		<token value="s1nccc1" labels="1/2/3/4/5">isothiaz</token>
		<token value="o1nccc1" labels="1/2/3/4/5">isoxaz|isooxaz</token>
		<token value="Cc1ccccc1" labels="alpha/1/2,ortho/3,meta/4,para/5/6" suffixAppliesTo="1">phenmeth</token>
		<token value="CCc1ccccc1" labels="alpha/beta/1/2,ortho/3,meta/4,para/5/6" suffixAppliesTo="1">pheneth</token>
		<token value="CCCc1ccccc1" labels="alpha/beta/gamma/1/2,ortho/3,meta/4,para/5/6" suffixAppliesTo="1">phenprop</token>
		<token value="C(C)(C)c1ccccc1" labels="///1/2,ortho/3,meta/4,para/5/6" suffixAppliesTo="1">phenisoprop</token>
		<token value="CCCCc1ccccc1" labels="alpha/beta/gamma/delta/1/2,ortho/3,meta/4,para/5/6" suffixAppliesTo="1">phenbut</token>
		<token value="CCCCCc1ccccc1" labels="alpha/beta/gamma/delta/epsilon/1/2,ortho/3,meta/4,para/5/6" suffixAppliesTo="1">phenpent</token>
		<token value="CCCCCCc1ccccc1" labels="alpha/beta/gamma/delta/epsilon/zeta/1/2,ortho/3,meta/4,para/5/6" suffixAppliesTo="1">phenhex</token>
		<token value="[nH]1cccc1" labels="1/2/3/4/5">pyrr</token>
		<token value="C=Cc1ccccc1" labels="alpha/beta/1/2,ortho/3,meta/4,para/5/6" suffixAppliesTo="1">styr</token>
		<token value="c12ccccc1.C2" labels="1/2,ortho/3,meta/4,para/5/6/alpha" frontLocantsExpected="2,3,4">tol</token>
	</tokenList>

	<tokenList tagname="group" type="ring" subType="arylSubstituent" symbol="ß">
		<token value="-c1ccccc1" labels="1/2,ortho/3,meta/4,para/5/6">phenyl</token>
	</tokenList>

	<!--Contracted form allows all suffixes -->
	<tokenList tagname="group" type="ring" subType="arylSubstituent" symbol="Ì">
		<token value="C1Cc2cccc3cccc1c23" labels="1/2/2a/3/4/5/5a/6/7/8/8a/8b">acenaphth</token>
		<token value="c1cccc2nc3ccccc3cc12" labels="1/2/3/4/4a/10/10a/5/6/7/8/8a/9/9a">acrid</token>
		<token value="c1cccc2[as]c3ccccc3cc12" labels="1/2/3/4/4a/5/5a/6/7/8/9/9a/10/10a">acridars</token>
		<token value="c1cccc2cc3ccccc3cc12" labels="1/2/3/4/4a/10/10a/5/6/7/8/8a/9/9a">anthrac</token>
		<token value="c1cccc2cc3ccccc3cc12" labels="1/2/3/4/4a/10/10a/5/6/7/8/8a/9/9a" frontLocantsExpected="1,2,9">anthr|anthran</token>
		<token value="c1cccc2[as]c3ccccc3[as]c12" labels="1/2/3/4/4a/5/5a/6/7/8/9/9a/10/10a">arsanthr</token>
		<token value="c1cccc2[as]cc3ccccc3c12" labels="1/2/3/4/4a/5/6/6a/7/8/9/10/10a/10b">arsanthrid</token>
		<token value="c1ccc2ccc3cccc3c12" labels="1/2/3/3a/4/5/5a/6/7/8/8a/8b">as-indac</token>
		<token value="c1ccc2cccccc12" labels="1/2/3/3a/4/5/6/7/8/8a">azul</token>
		<token value="C(c1ccccc1)c1ccccc1" labels="alpha/1/2,ortho/3,meta/4,para/5/6/1'/2'/3'/4'/5'/6'" suffixAppliesTo="1">benzhydr</token>
		<token value="C1=CC=CC=2B=C3C=CC=CC3=BC12" labels="1/2/3/4/4a/5/5a/6/7/8/9/9a/10/10a">boranthr</token>
		<token value="c1cccc2c3ccc4ccccc4c3ccc12" labels="1/2/3/4/4a/4b/5/6/6a/7/8/9/10/10a/10b/11/12/12a">chrys</token>
		<token value="n1nccc2ccccc12" labels="1/2/3/4/4a/5/6/7/8/8a">cinnol</token>
		<token value="c1cc2ccc3ccc4ccc5ccc6ccc71.c28c3c4c5c6c78" labels="1/2/2a/3/4/4a/5/6/6a/7/8/8a/9/10/10a/11/12/12a/12b/12c/12d/12e/12f/12g" >coron</token>
		<token value="c1cccc2ccc3c4[cH2]ccc4ccc3c12" labels="1/2/3/4/5/6/7/8/14/15/16/17/13/12/11/9/10">cyclopenta[a]phenanthr</token>
		<token value="c12ccccc1.C2(C)C" labels="1/2,ortho/3,meta/4,para/5/6///" addGroup="C locant 4" frontLocantsExpected="2,ortho,3,meta,4,para,5,6">cym</token>
		<token value="c1ccc2cccc3c4ccccc4c1c23" labels="1/2/3/3a/4/5/6/6a/6b/7/8/9/10/10a/10b/10c">fluoranth</token>
		<token value="C1=CC=CC1=C" labels="1/2/3/4/5/6">fulv</token>
		<token value="o1cccc1" labels="1/2/3/4/5" frontLocantsExpected="2,3">fur</token>
		<token value="s1cccc1" labels="1/2/3/4/5" frontLocantsExpected="2,3">thiofur</token>
		<token value="[se]1cccc1" labels="1/2/3/4/5" frontLocantsExpected="2,3">selenofur</token>
		<token value="[te]1cccc1" labels="1/2/3/4/5" frontLocantsExpected="2,3">tellurofur</token>
		<token value="Cc1ccco1" labels="alpha/2/3/4/5/1" suffixAppliesTo="1">furfur</token>
		<token value="N1CNCC1" labels="1/2/3/4/5">imidazolid</token>
		<token value="c1ccn2ccccc12" labels="1/2/3/4/5/6/7/8/8a">indoliz</token>
		<token value="c1occ2ccccc12" labels="1/2/3/3a/4/5/6/7/7a">isobenzofur</token>
		<token value="c1scc2ccccc12" labels="1/2/3/3a/4/5/6/7/7a">isobenzothiofur</token>
		<token value="c1nccc2ccccc12" labels="1/2/3/4/4a/5/6/7/8/8a" frontLocantsExpected="1,3,4,5,6,7,8">isoquinol</token>
		<token value="[se]1nccc1" labels="1/2/3/4/5">isoselenaz</token>
		<token value="[te]1nccc1" labels="1/2/3/4/5">isotelluraz</token>
		<token value="O1NCCC1" labels="1/2/3/4/5">isoxazolid</token>
		<token value="c12cc3cc4c1.C2.C3.C4" labels="1/2,ortho/3,meta/4,para/5/6///" suffixAppliesToByDefault="2">mesit</token>
		<token value="N1CCOCC1" labels="4,para/3,meta/2,ortho/1/6/5">morphol</token>
		<token value="N1CCSCC1" labels="4,para/3,meta/2,ortho/1/6/5">thiamorphol|thiomorphol</token>
		<token value="N1CC[Se]CC1" labels="4,para/3,meta/2,ortho/1/6/5">selenomorphol</token>
		<token value="N1CC[Te]CC1" labels="4,para/3,meta/2,ortho/1/6/5">telluromorphol</token>
		<token value="c1cccc2cc3cc4ccccc4cc3cc12" labels="1/2/3/4/4a/5/5a/6/6a/7/8/9/10/10a/11/11a/12/12a">naphthac</token>
		<token value="c1cccc2ccccc12" labels="1,alpha/2,beta/3/4/4a/5/6/7/8/8a">naphthal</token>
		<token value="c1cccc2ccccc12" labels="1,alpha/2,beta/3/4/4a/5/6/7/8/8a" frontLocantsExpected="1,2">naphth</token>
		<token value="c1cccc2ccccc12" labels="1,alpha/2,beta/3/4/4a/5/6/7/8/8a" addHeteroAtom="N defaultLocant 1;N defaultLocant 8" frontLocantsExpected="1,2,3,4,4a,5,6,7,8,8a">naphthyrid</token>
		<token value="c1cc2ccc3ccc4cc5ccc6ccc7ccc8cc91.c19c2c3c4c9c5c6c7c8c19" labels="1/2/2a/3/4/4a/5/6/6a/7/7a/8/9/9a/10/11/11a/12/13/13a/14/14a/14b/14c/14d/14e/14f/14g/14h/14i/14j/14k">oval</token>
		<token value="c1cccc2oc3ccccc3oc12" labels="1/2/3/4/4a/5/5a/6/7/8/9/9a/10/10a">oxanthr</token>
		<token value="[nH]1cnc2cccc3cccc1c23" labels="1/2/3/3a/4/5/6/6a/7/8/9/9a/9b">perimid</token>
		<token value="[cH2]1ccc2cccc3cccc1c23" labels="1/2/3/3a/4/5/6/6a/7/8/9/9a/9b">phenal</token>
		<token value="c1cccc2c3ccccc3ccc12" labels="1/2/3/4/4a/4b/5/6/7/8/8a/9/10/10a" frontLocantsExpected="1,2,3,4,9">phenanthr</token>
		<token value="c1cccc2ncc3ccccc3c12" labels="1/2/3/4/4a/5/6/6a/7/8/9/10/10a/10b">phenanthrid</token>
		<token value="c1cccc2ccc3ccccc3c12" labels="1/2/3/4/4a/5/6/6a/7/8/9/10/10a/10b" addHeteroAtom="N locant 1;N locant 10" frontLocantsExpected="1,2,3,4,4a,5,6,6a,7,8,9,10,10a,10b">phenanthrol</token>
		<token value="c1cccc2nc3ccccc3[as]c12" labels="1/2/3/4/4a/5/5a/6/7/8/9/9a/10/10a">phenarsaz</token>
		<token value="c1cccc2nc3ccccc3nc12" labels="1/2/3/4/4a/5/5a/6/7/8/9/9a/10/10a">phenaz</token>
		<token value="c1cccc2oc3ccccc3[nH]c12" labels="1/2/3/4/4a/5/5a/6/7/8/9/9a/10/10a">phenoxaz</token>
		<token value="c1cccc2sc3ccccc3[nH]c12" labels="1/2/3/4/4a/5/5a/6/7/8/9/9a/10/10a">phenothiaz</token>
		<token value="c1cccc2[se]c3ccccc3[nH]c12" labels="1/2/3/4/4a/5/5a/6/7/8/9/9a/10/10a">phenoselenaz</token>
		<token value="c1cccc2[te]c3ccccc3[nH]c12" labels="1/2/3/4/4a/5/5a/6/7/8/9/9a/10/10a">phenotelluraz</token>
		<token value="c1cccc2nc3ccccc3pc12" labels="1/2/3/4/4a/5/5a/6/7/8/9/9a/10/10a">phenophosphaz</token>
		<token value="c1cccc2nc3ccccc3[as]c12" labels="1/2/3/4/4a/5/5a/6/7/8/9/9a/10/10a">phenoarsaz</token>
		<token value="c1cccc2[nH]c3ccccc3[Hg]c12" labels="1/2/3/4/4a/5/5a/6/7/8/9/9a/10/10a">phenomercuraz|phenomercaz</token>
		<token value="c1cccc2oc3ccccc3[se]c12" labels="1/2/3/4/4a/5/5a/6/7/8/9/9a/10/10a">phenoxaselen</token>
		<token value="c1cccc2oc3ccccc3[te]c12" labels="1/2/3/4/4a/5/5a/6/7/8/9/9a/10/10a">phenoxatellur</token>
		<token value="c1cccc2oc3ccccc3[pH]c12" labels="1/2/3/4/4a/5/5a/6/7/8/9/9a/10/10a">phenoxaphosph</token>
		<token value="c1cccc2oc3ccccc3[asH]c12" labels="1/2/3/4/4a/5/5a/6/7/8/9/9a/10/10a">phenoxars</token>
		<token value="c1cccc2oc3ccccc3[sbH]c12" labels="1/2/3/4/4a/5/5a/6/7/8/9/9a/10/10a">phenoxastibin|phenoxantimon</token>
		<token value="c1cccc2sc3ccccc3[asH]c12" labels="1/2/3/4/4a/5/5a/6/7/8/9/9a/10/10a">phenothiars</token>
		<token value="c1cccc2pc3ccccc3pc12" labels="1/2/3/4/4a/5/5a/6/7/8/9/9a/10/10a">phosphanthr</token>
		<token value="N1CCNCC1" labels="1/2,ortho/3,meta/4,para/5/6">piperaz</token>
		<token value="N1CCCCC1" labels="1/2,ortho/3,meta/4,para/5/6" frontLocantsExpected="1,2,3,4">piperid</token>
		<token value="c1ccc2cccc3cc4ccccc4cc51.c235" labels="1/2/3/3a/4/5/6/6a/7/7a/8/9/10/11/11a/12/12a/12b">pleiad</token>
		<token value="n1cncc2nccnc12" labels="1/2/3/4/4a/5/6/7/8/8a">pterid</token>
		<token value="n1cnc2nc[nH]c2c1" labels="1/2/3/4/9/8/7/5/6">pur</token>
		<token value="o1[cH2]cccc1" labels="1/2,ortho/3,meta/4,para/5/6">pyr</token>
		<token value="s1[cH2]cccc1" labels="1/2,ortho/3,meta/4,para/5/6">thiopyr</token>
		<token value="[se]1[cH2]cccc1" labels="1/2,ortho/3,meta/4,para/5/6">selenopyr</token>
		<token value="[te]1[cH2]cccc1" labels="1/2,ortho/3,meta/4,para/5/6">telluropyr</token>
		<token value="c1cccc2c3cc4ccc5cc6ccccc6c6cc7ccc8cc12.c38c7c4c56" labels="1/2/3/4/4a/4b/5/5a/6/7/7a/8/8a/9/10/11/12/12a/12b/13/13a/14/15/15a/16/16a/15b/15c/15d/15e">pyranthr</token>
		<token value="N1NCCC1" labels="1/2/3/4/5">pyrazolid</token>
		<token value="n1ncccc1" labels="1/2/3/4/5/6">pyridaz</token>
		<token value="n1ccccc1" labels="1/2,ortho/3,meta/4,para/5/6" frontLocantsExpected="2,3,4">pyrid</token>
		<token value="n1cnccc1" labels="1/2/3/4/5/6">pyrimid</token>
		<token value="[cH2]1ccn2cccc12" labels="1/2/3/4/5/6/7/7a">pyrroliz</token>
		<token value="N1CCCC1" labels="1/2/3/4/5">pyrrolid</token>
		<token value="n1cncc2ccccc12" labels="1/2/3/4/4a/5/6/7/8/8a">quinazol</token>
		<token value="n1cccc2ccccc12" labels="1/2/3/4/4a/5/6/7/8/8a" frontLocantsExpected="2,3,4,5,6,7,8">quinol</token>
		<token value="c1cc[cH2]n2ccccc12" labels="1/2/3/4/5/6/7/8/9/9a">quinoliz</token>
		<token value="n1ccnc2ccccc12" labels="1/2/3/4/4a/5/6/7/8/8a">quinoxal</token>
		<token value="N1(CCC2CC1)CC2" labels="1/2/3/4/5/6/7/8">quinuclid</token>
		<token value="c1ccc2c3ccccc3c3c4cccc5c6ccccc6c6c71.c237.c456" labels="1/2/3/3a/3b/4/5/6/7/7a/7b/7c/8/9/10/10a/10b/11/12/13/14/14a/14b/14c/14d/14e">rubic</token>
		<token value="c1ccc2cc3cccc3cc12" labels="1/2/3/3a/4/4a/5/6/7/7a/8/8a">s-indac</token>
		<token value="c1cccc2[se]c3ccccc3[se]c12" labels="1/2/3/4/4a/5/5a/6/7/8/9/9a/10/10a">selenanthr</token>
		<token value="[se]1cccc1" labels="1/2/3/4/5">selenoph</token>
		<token value="c1cccc2[siH]c3ccccc3[siH]c12" labels="1/2/3/4/4a/5/5a/6/7/8/9/9a/10/10a">silanthr</token>
		<token value="c1(ccccc1)C=Cc2ccccc2" labels="1/2/3/4/5/6/alpha/beta/1'/2'/3'/4'/5'/6'">stilb</token>
		<token value="c1cccc2[te]c3ccccc3[te]c12" labels="1/2/3/4/4a/5/5a/6/7/8/9/9a/10/10a">telluranthr</token>
		<token value="[te]1cccc1" labels="1/2/3/4/5">telluroph</token>
		<token value="c1cccc2sc3ccccc3sc12" labels="1/2/3/4/4a/5/5a/6/7/8/9/9a/10/10a">thianthr</token>
		<token value="s1cccc1" labels="1/2/3/4/5">thioph</token>
		<token value="s1cccc1" labels="1/2/3/4/5" frontLocantsExpected="2,3">thien|thiene</token>
		<token value="c12ccccc1.C2" labels="1/2,ortho/3,meta/4,para/5/6/alpha" frontLocantsExpected="2,3,4">tolu</token>
		<token value="c1cccc2oc3ccccc3[cH2]c12" labels="1/2/3/4/4a/10/10a/5/6/7/8/8a/9/9a" suffixAppliesToByDefault="13">xanth</token>
		<token value="c1cccc2sc3ccccc3[cH2]c12" labels="1/2/3/4/4a/10/10a/5/6/7/8/8a/9/9a" suffixAppliesToByDefault="13">thioxanth</token>
		<token value="c1cccc2[se]c3ccccc3[cH2]c12" labels="1/2/3/4/4a/10/10a/5/6/7/8/8a/9/9a" suffixAppliesToByDefault="13">selenoxanth</token>
		<token value="c1cccc2[te]c3ccccc3[cH2]c12" labels="1/2/3/4/4a/10/10a/5/6/7/8/8a/9/9a" suffixAppliesToByDefault="13">telluroxanth</token>
	</tokenList>
</tokenLists>
