<!DOCTYPE tokenLists SYSTEM "tokenLists.dtd">
<tokenLists>
	<!--Ascending Greek locants are algorithmically added for monocarboxylic acids, but, if applicable, need to be manually specified for polycarboxylic acids-->

	<!--This is the set of trivial acids in which yl is added to denote an acyl. Oyl is not recommended but is unambiguous and so is accepted-->
	<tokenList tagname="group" type="acidStem" subType="ylForAcyl" symbol="d">
		<token value="C" labels="1" usableAsAJoiner="yes">form</token>
		<token value="CC" labels="1/2,omega" usableAsAJoiner="yes">acet</token>
		<token value="CCC" labels="1/2/3" usableAsAJoiner="yes">propion|propi</token>
		<token value="CCCC" labels="1/2/3/4" usableAsAJoiner="yes">butyr</token>
		<token value="CC(C)C" labels="1/2/3,beta/">isobutyr</token>
		<token value="CCCCC" labels="1/2/3/4/5" usableAsAJoiner="yes">valer</token>
		<token value="CCC(C)C" labels="1/2/3/4/">isovaler</token>
		<token value="CC" labels="1/2" suffixAppliesTo="1,2">oxal</token>
		<token value="CCC" labels="1/2,alpha/3" suffixAppliesTo="1,3">malon</token>
		<token value="CCCC" labels="1/2,alpha/3,beta,alpha'/4" suffixAppliesTo="1,4">succin</token>
		<token value="CCCCC" labels="1/2,alpha/3,beta/4,alpha'/5" suffixAppliesTo="1,5">glutar</token>

		<token value="CCC(=O)C" labels="1/2/3//4" defaultInLocant="4" usableAsAJoiner="yes">acetoacet</token>
		<token value="CC(O)(C)c1ccccc1" labels="////1/2,ortho/3,meta/4,para/5/6">atrolact</token>
		<token value="CCCCC[C@@H]1SC[C@@H]2NC(=O)N[C@H]12">biotin|d-biotin</token>
		<token value="CCCCCCCCCC" labels="numeric" usableAsAJoiner="yes">caprin</token>
		<token value="CCCCCC" labels="numeric" usableAsAJoiner="yes">capro</token>
		<token value="CCCCCCCC" labels="numeric" usableAsAJoiner="yes">capryl</token>
		<token value="CCCCCCC" labels="numeric" usableAsAJoiner="yes">enanth</token>
		<token value="CCC[C@@H](C(=O)O)NC(=O)c1ccc(NCc2cnc3nc(N)[nH]c(=O)c3n2)cc1" labels="//////////1'/2'/3'/4'/10/9/6/7/8/8a/1/2//3/4//4a/5/5'/6'">fol</token><!--foloyl is unknown-->
		<token value="CCC[C@@H](C(=O)O)NC(=O)c1ccc(NCc2CNc3nc(N)[nH]c(=O)c3n2)cc1" labels="//////////1'/2'/3'/4'/10/9/6/7/8/8a/1/2//3/4//4a/5/5'/6'">dihydrofol|7,8-dihydrofol</token>
		<token value="CCC[C@@H](C(=O)O)NC(=O)c1ccc(NCC2CNc3nc(N)[nH]c(=O)c3N2)cc1" labels="//////////1'/2'/3'/4'/10/9/6/7/8/8a/1/2//3/4//4a/5/5'/6'">tetrahydrofol|5,6,7,8-tetrahydrofol</token>
		<token value="CCC[C@@H](C(=O)O)NC(=O)c1ccc(N(C=4)CC2CNc3nc(N)[nH]c(=O)c3[N+]42)cc1" labels="//////////1'/2'/3'/4'/10//9/6/7/8/8a/1/2//3/4//4a/5/5'/6'">5,10-methenyl-5,6,7,8-tetrahydrofol|5,10-methenyltetrahydrofol|5,10-methenyl-tetrahydrofol</token>
		<token value="CCCC(C)C" labels="1/2/3/4/5/">isocapro</token>
		<token value="CC(C)C" labels="1/2,alpha//3" suffixAppliesTo="1,4">isosuccin</token>
		<token value="CC(O)C" labels="1/2//3">lact|dl-lact</token>
		<token value="C[C@@H](O)C" labels="1/2//3">l-lact|l(+)-lact|l-(+)-lact</token>
		<token value="C[C@H](O)C" labels="1/2//3">d-lact|d(-)-lact|d-(-)-lact</token>
		<token value="CC(=O)C" labels="1/2//3" suffixAppliesTo="1,4">mesoxal</token>
		<token value="S(=O)c1ccc(N)c2ccccc12" labels="//1/2/3/4//4a/5/6/7/8/8a">naphthion</token>
		<token value="Cc1cc(=O)[nH]c(=O)[nH]1" labels="/4/5/6//1/2//3">orot</token>
		<token value="CCC(=O)C" labels="1/2/3//4" suffixAppliesTo="1,5">oxalacet</token>
		<token value="CCCCCCCCC" labels="numeric" usableAsAJoiner="yes">pelargon|pelarg</token>
		<token value="CC(S)C(S)C" labels="1/2,alpha//3,beta,alpha'//4" suffixAppliesTo="1,6">dimercaptosuccin</token>
		<token value="CC#CC" labels="1/2/3/4">tetrol</token>
	</tokenList>

	<!--This is the set of trivial acids in which yl is used as above but oyl is recommended-->
	<tokenList tagname="group" type="acidStem" subType="ylForAcyl" symbol="d">
		<token value="CC(C)(C)C" labels="1/2/3,beta//">pival</token>
		<token value="CCCCCC" labels="1/2,alpha/3,beta/4,gamma,beta'/5,delta,alpha'/6" suffixAppliesTo="1,6">adip</token>
		<token value="CCCCCCC" labels="1/2,alpha/3,beta/4,gamma/5,delta,beta'/6,epsilon,alpha'/7" suffixAppliesTo="1,7">pimel</token>
		<token value="CCCCCCCC" labels="1/2,alpha/3,beta/4,gamma/5,delta/6,epsilon,beta'/7,zeta,alpha'/8" suffixAppliesTo="1,8">suber</token>
		<token value="CCCCCCCCC" labels="1/2,alpha/3,beta/4,gamma/5,delta/6,epsilon/7,zeta,beta'/8,alpha'/9" suffixAppliesTo="1,9">azela|azel</token>
		<token value="CCCCCCCCCC" labels="1/2,alpha/3,beta/4,gamma/5,delta/6,epsilon/7,zeta/8,beta'/9,alpha'/10" suffixAppliesTo="1,10">sebac</token>
		<token value="CC=C" labels="1/2/3" usableAsAJoiner="yes">acryl</token>
		<token value="CC(=C)C" labels="1/2/3/">methacryl</token>
		<token value="C/C=C/C" labels="1/2/3/4" usableAsAJoiner="yes">croton</token>
		<token value="C\C=C/C" labels="1/2/3/4" usableAsAJoiner="yes">isocroton</token>
		<token value="C/C=C\C" labels="1/2,alpha/3,beta,alpha'/4" suffixAppliesTo="1,4">male</token>
		<token value="C\C=C\C" labels="1/2,alpha/3,beta,alpha'/4" suffixAppliesTo="1,4">fumar</token>
		<token value="C/C(C)=C\C" labels="1/2//3/4" suffixAppliesTo="1,5">citracon</token>
		<token value="C\C(C)=C\C" labels="1/2//3/4" suffixAppliesTo="1,5">mesacon</token>
		<token value="CC1(C)C(C)(C)C(C)CC1" labels="/1//2///3//4/5" suffixAppliesTo="1,8">camphor</token>

		<token value="CCNC(=O)C">acetur</token>
		<token value="CNC(=O)N" labels="1/2/3//4">allophan</token>
		<token value="Cc1cc(C)c(C)c(C)c1" labels="/1/2/3//4//5//6">alpha-isoduryl</token>
		<token value="C/C(C)=C\C">angel</token>
		<token value="CC(O)(c1ccccc1)c1ccccc1" labels="///1/2,ortho/3,meta/4,para/5/6/1'/2'/3'/4'/5'/6'">benzil</token>
		<token value="Cc1c(C)cc(C)cc1(C)" labels="/1/2//3/4//5/6/">beta-isoduryl</token>
		<token value="CNNC" suffixAppliesTo="1,4">bicarbam</token>
		<token value="CCCCCCCCCCCCC" labels="numeric" suffixAppliesTo="1,13">brassyl</token>
		<token value="CCC(C)(O)C" labels="1/2/3///4" suffixAppliesTo="1,6">citramal</token><!--coA yl only-->
		<token value="c1ccccc1" labels="1/2/3/4/5/6" addGroup="O defaultLocant 2;C defaultLocant 3" frontLocantsExpected="1,2,3,4,5,6">cresot</token>
		<token value="c1c(O)c(C)ccc1">o-cresot|ortho-cresot|o-cresotin|ortho-cresotin</token>
		<token value="c1c(O)cc(C)cc1">m-cresot|meta-cresot|m-cresotin|meta-cresotin</token>
		<token value="c1c(O)ccc(C)c1">p-cresot|para-cresot|p-cresotin|para-cresotin</token>
		<token value="Cc1c(C)c(C)cc(C)c1" labels="/1/2//3//4/5//6">gamma-isoduryl</token>
		<token value="CC=CCC" labels="1/2/3/4/5" suffixAppliesTo="1,5">glutacon</token><!--coA yl only-->
		<token value="CCO" labels="1/2/">glycol</token>
		<token value="CCOCC" suffixAppliesTo="1,5">diglycol</token>
		<token value="CC=O" labels="1/2/">glyoxyl|glyoxal</token>
		<token value="CCNC(=O)c1ccccc1" labels="/////1/2,ortho/3,meta/4,para/5/6">hippur</token>
		<token value="CCCC(=O)CC" labels="1/2/3/4//5/6">homolevulin</token>
		<token value="CCCO" labels="1/2/3/">hydracryl</token>
		<token value="N1CCC(C)CC1" labels="1/2/3/4//5/6" suffixAppliesTo="5">isonipecot</token>
		<token value="n1c(C)ccc(C)c1" labels="1/2//3/4/5//6" suffixAppliesTo="3,7">isocinchomeron</token>
		<token value="CC(=C)CC" suffixAppliesTo="1,5">itacon</token>
		<token value="CCCC(=O)C" labels="1/2/3/4//5">levulin</token>
		<token value="CC(O)CC" suffixAppliesTo="1,5" labels="1/2//3/4">mal|dl-mal</token>
		<token value="C[C@@H](O)CC" suffixAppliesTo="1,5" labels="1/2//3/4">l-mal|l(+)-mal|l-(+)-mal</token>
		<token value="C[C@H](O)CC" suffixAppliesTo="1,5" labels="1/2//3/4">d-mal|d(-)-mal|d-(-)-mal</token>
		<token value="C/C=C\C" labels="1/2,alpha/3,beta,alpha'/4" suffixAppliesTo="1,4">malein</token>
		<token value="CC(O)c1ccccc1" labels="/alpha//1/2,ortho/3,meta/4,para/5/6">mandel|dl-mandel</token>
		<token value="C[C@@H](O)c1ccccc1" labels="/alpha//1/2,ortho/3,meta/4,para/5/6">l-mandel|l(+)-mandel|l-(+)-mandel</token>
		<token value="C[C@H](O)c1ccccc1" labels="/alpha//1/2,ortho/3,meta/4,para/5/6">d-mandel|d(-)-mandel|d-(-)-mandel</token>
		<token value="CC(S)CC" suffixAppliesTo="1,5" labels="1/2//3/4">thiomal</token>
		<token value="C/C=C/C=C/C" suffixAppliesTo="1,6" labels="numeric">mucon</token>
		<token value="N1CC(C)CCC1" labels="1/2/3//4/5/6" suffixAppliesTo="4">nipecot</token>
		<token value="Cc1c(O)cc(O)cc1C" labels="/1/2//3/4//5/6/">orsellin|o-orsellin|ortho-orsellin</token>
		<token value="Cc1c(O)cc(C)cc1O" labels="/1/2,ortho//3,meta/4,para//5/6/">p-orsellin|para-orsellin</token>
		<token value="CC(=O)Nc1ccccc1" labels="1/2///1/2/3/4/5/6">oxanil</token>
		<token value="N1[C@H](CCCC1)C" labels="1/2,alpha/3,beta/4,gamma/5,delta/6,epsilon/" suffixAppliesTo="7">d-pipecolin|d(+)-pipecolin|d-(+)-pipecolin|d-pipecol|d(+)-pipecol|d-(+)-pipecol</token>
		<token value="N1[C@@H](CCCC1)C" labels="1/2,alpha/3,beta/4,gamma/5,delta/6,epsilon/" suffixAppliesTo="7">l-pipecolin|l(-)-pipecolin|l-(-)-pipecolin|l-pipecol|l(-)-pipecol|l-(-)-pipecol</token>
		<token value="N1C(CCCC1)C" labels="1/2,alpha/3,beta/4,gamma/5,delta/6,epsilon/" suffixAppliesTo="7">pipecolin|pipecol</token>
		<token value="CC(=O)C" labels="1/2//3">pyruv</token>
		<token value="S(=O)c1ccccc1" labels="//1/2,ortho/3,meta/4,para/5/6" addGroup="N locant 4" frontLocantsExpected="2,ortho,3,meta,4,para,5,6">sulfanil</token>
		<token value="CCS" labels="1/2/">thioglycol</token>
		<token value="Cc1cc(O)cc(O)c1" labels="/1/2,ortho/3,meta//4,para/5//6">alpha-resorcyl</token>
		<token value="Cc1c(O)cc(O)cc1" labels="/1/2,ortho//3,meta/4,para//5/6">beta-resorcyl</token>
		<token value="Cc1c(O)cccc1O" labels="/1/2,ortho//3,meta/4,para/5/6/">gamma-resorcyl</token>
		<token value="Cc1c(C)cc(C)cc1" labels="/1/2//3/4//5/6" suffixAppliesTo="1,4,7">trimellit</token>
		<token value="Cc1cc(C)cc(C)c1" labels="/1/2/3//4/5//6" suffixAppliesTo="1,5,8">trimes</token>
	</tokenList>

	<!--This is the set of trivial acids in which yl is added to denote the removal of the carboxylic acid resulting in a radical e.g. Lauryl == dodecyl -->
	<tokenList tagname="group" type="acidStem" subType="ylForYl" symbol="d">
		<token value="CCCCCCCCCCCC" labels="numeric" usableAsAJoiner="yes">laur</token>
		<token value="CCCCCCCCCCCCCC" labels="numeric" usableAsAJoiner="yes">myrist</token>
		<token value="CCCCCCCCCCCCCCCC" labels="numeric" usableAsAJoiner="yes">palmit</token>
		<token value="CCCCCCCCCCCCCCCCCC" labels="numeric" usableAsAJoiner="yes">stear</token>
		<token value="CCCCCCCC/C=C\CCCCCCCC" labels="numeric" usableAsAJoiner="yes">ole</token>
		<token value="CCCCCCCC\C=C\CCCCCCCC" labels="numeric" usableAsAJoiner="yes">elaid</token>
		<token value="Cc1ccccc1" labels="alpha/1/2,ortho/3,meta/4,para/5/6">benz</token><!--benzal/benzol are trivial names-->
		<token value="CC(C)c1ccccc1" labels="///1/2,ortho/3,meta/4,para/5/6">hydratrop</token>
		<token value="CC(=C)c1ccccc1" labels="///1/2,ortho/3,meta/4,para/5/6">atrop</token>
		<token value="CC=Cc1ccccc1" labels="///1/2,ortho/3,meta/4,para/5/6">cinnam</token>
		<token value="Cc1cnccc1" labels="/3,meta/2,ortho/1/6/5/4,para">nicotin</token>
		<token value="Cc1ccncc1" labels="/4,para/3,meta/2,ortho/1/6/5">isonicotin</token>
		<token value="c1cccs1" labels="2/3/4/5/1" addGroup="C locant 2 alpha" frontLocantsExpected="2,3" suffixAppliesTo="6">then</token>

		<token value="Cc1ccccc1" labels="/1/2,ortho/3,meta/4,para/5/6" addGroup="OC defaultLocant 4" frontLocantsExpected="2,ortho,3,meta,4,para,5,6">anis</token>
		<token value="CCCCCCCCCCCCCCCCCCCC" labels="numeric" usableAsAJoiner="yes">arachid|arachidyl|arach</token>
		<token value="CCCC/C=C\C/C=C\C/C=C\C/C=C\CCCCC" labels="numeric" usableAsAJoiner="yes">arachidon</token>
		<token value="CCCCCCCCCCCCCCCCCCCCCC" labels="numeric" usableAsAJoiner="yes">behen</token>
		<token value="CCCCCCCCCCCCC#CCCCCCCCC" labels="numeric" usableAsAJoiner="yes">behenol</token>
		<token value="CCCCCCCCCCCC/C=C/CCCCCCCC" labels="numeric" usableAsAJoiner="yes">brassid</token>
		<token value="C/C=C/c1cc(O)c(O)cc1" labels="/alpha/beta/1/2/3//4//5/6">caffe</token>
		<token value="CC(O)CCCCCCC=CCCCCCCCCCCCCCC" labels="1/2//3/4/5/6/7/8/9/10/11/12/13/14/15/16/17/18/19/20/21/22/23/24" usableAsAJoiner="yes">cerebron</token>
		<token value="CCCCCCCCCCCCCCCCCCCCCCCCCCCCCCCCC" labels="numeric" usableAsAJoiner="yes">ceromeliss</token>
		<token value="CCCCCCCCCCCCCCCCCCCCCCCCCCCCCCCCCCC" labels="numeric" usableAsAJoiner="yes">ceroplast</token>
		<token value="CCCCCCCCCCCCCCCCCCCCCCCCCC" labels="numeric" usableAsAJoiner="yes">cerot</token>
		<token value="CCC(C)CCC=C(C)C">citronell</token>
		<token value="C/C=C/c1ccccc1" labels="/alpha/beta/1/2,ortho/3,meta/4,para/5/6" addGroup="O defaultLocant 4" frontLocantsExpected="2,ortho,3,meta,4,para">coumar</token>
		<token value="C/C=C/c1cc(OC)c(O)cc1" labels="/alpha/beta/1/2/3///4//5/6">conifer</token>
		<token value="CCCCCC/C=C\C/C=C\C/C=C\C/C=C\C/C=C\CC" labels="numeric" usableAsAJoiner="yes">clupanodon</token>
		<token value="CCCCCCCCC=CC=CC=CCCCC" labels="numeric" usableAsAJoiner="yes">eleostear</token>
		<token value="CCCCCCCC/C=C\C=C\C=C\CCCC" labels="numeric" usableAsAJoiner="yes">alpha-eleostear</token>
		<token value="CCCCCCCC/C=C/C=C/C=C/CCCC" labels="numeric" usableAsAJoiner="yes">beta-eleostear</token>
		<token value="CCCCCCCCCCCC/C=C\CCCCCCCC" labels="numeric" usableAsAJoiner="yes">eruc</token>
		<token value="C/C=C/c1cc(OC)c(O)cc1" labels="/alpha/beta/1/2/3///4//5/6">ferul</token>
		<token value="CC=C(C)CCC=C(C)CCC=C(C)C" defaultInID="15" usableAsAJoiner="yes" labels="1/2/3//4/5/6/7//8/9/10///">farnes</token>
		<token value="CCCCCCCC/C=C\CCCCCCCCCC" labels="numeric" usableAsAJoiner="yes">gadole</token>
		<token value="CCCCCCCCCCCCCCCCCCCCCCCCCCCCCCCCCC" labels="numeric" usableAsAJoiner="yes">gedd</token>
		<token value="Cc1c(O)ccc(O)c1" labels="/1/2//3/4/5//6">gentis</token>
		<token value="C/C=C(C)/CC/C=C(C)\C" labels="1/2/3//4/5/6///" defaultInID="9" usableAsAJoiner="yes">geran</token>
		<token value="CCCCCCCCCCCCCCCCCCCCCCCCCCCCCCCCCC" labels="numeric" usableAsAJoiner="yes">ghedd</token>
		<token value="CC(O)CO">glycer</token>
		<token value="CC1CO1">glycid</token>
		<token value="CCCCCCCCCC/C=C\CCCCCCCC" labels="numeric" usableAsAJoiner="yes">gondo</token>
		<token value="CCc1ccc(OC)cc1" labels="/alpha/1/2,ortho/3,meta/4,para///5/6">homoanis</token>
		<token value="CCc1c(O)ccc(O)c1" labels="/alpha/1/2//3/4/5//6">homogentis</token>
		<token value="CCc1cc(O)c(OC)cc1" labels="/alpha/1/2,ortho/3,meta///4,para//5/6">homoisovanill</token>
		<token value="CCc1cc(O)c(O)cc1" labels="/alpha/1/2,ortho/3,meta//4,para//5/6">homoprotocatechu</token>
		<token value="CCc1cc(OC)c(O)cc1" labels="/alpha/1/2,ortho/3,meta///4,para//5/6">homovanill</token>
		<token value="CCc1cc(OC)c(OC)cc1" labels="/alpha/1/2,ortho/3,meta///4,para///5/6">homoveratr</token>
		<token value="CCCc1cc(O)c(O)cc1" labels="/alpha/beta/1/2/3//4//5/6">hydrocaffe</token>
		<token value="CCCc1ccccc1" labels="///1/2,ortho/3,meta/4,para/5/6">hydrocinnam</token>
		<token value="CCCc1cc(OC)c(O)cc1" labels="/alpha/beta/1/2/3///4//5/6">hydroferul</token>
		<token value="CCCc1cc(O)c(OC)cc1" labels="/alpha/beta/1/2/3//4///5/6">hydroisoferul</token>
		<token value="CCCc1cc(O)c(O)cc1" labels="/alpha/beta/1/2/3//4//5/6">dihydrocaffe</token>
		<token value="CCCc1ccccc1" labels="///1/2,ortho/3,meta/4,para/5/6">dihydrocinnam</token>
		<token value="CCCc1cc(OC)c(O)cc1" labels="/alpha/beta/1/2/3///4//5/6">dihydroferul</token>
		<token value="CCCc1cc(O)c(OC)cc1" labels="/alpha/beta/1/2/3//4///5/6">dihydroisoferul</token>
		<token value="C/C=C/c1cc(O)c(OC)cc1" labels="/alpha/beta/1/2/3//4///5/6">isoferul|iso-ferul</token>
		<token value="CCCCCCCCCCCCCCCC(C)C" labels="1/2/3/4/5/6/7/8/9/10/11/12/13/14/15/16/omega/omega'">isostear|iso-stear</token>
		<token value="Cc1cc(O)c(OC)cc1" labels="/1/2,ortho/3,meta///4,para//5/6">isovanill|iso-vanill</token>
		<token value="CCCCCCCCCCCCCCCCCCCCCCCCCCCCCCCC" labels="numeric" usableAsAJoiner="yes">laccer</token>
<!--Lauroleic acid is intentionally excluded due to ambiguity in the position of the double bond and stereochemistry-->
		<token value="CCCCCCCCCCCCCCCCCCCCCCCC" labels="numeric" usableAsAJoiner="yes">lignocer</token>
		<token value="CCCCCCCC\C=C/C\C=C/CCCCC" labels="numeric" usableAsAJoiner="yes">linole</token>
		<token value="CCCCCCCC\C=C/C\C=C/C\C=C/CC" labels="numeric" usableAsAJoiner="yes">(9,12,15)-linolen|alpha-linolen</token>
		<token value="CCCCC\C=C/C\C=C/C\C=C/CCCCC" labels="numeric" usableAsAJoiner="yes">(6,9,12)-linolen|gamma-linolen</token>
		<token value="CCCCCCCCCCCCCC/C=C\CCCCCCCC" labels="numeric" usableAsAJoiner="yes">nervon</token>
		<token value="CCCCCCCCCCCCCCCCC" labels="numeric" usableAsAJoiner="yes">margar</token>
		<token value="CCCCCCCCCCCCCCCCCCCCCCCCCCCCCC" labels="numeric" usableAsAJoiner="yes">meliss</token>
		<token value="CCCCCCCCCCCCCCCCCCCCCCCCCCCC" labels="numeric" usableAsAJoiner="yes">montan</token>
		<token value="CCCCCCCC\C=C/CCCC" labels="numeric" usableAsAJoiner="yes">myristole</token>
		<token value="C\C=C(C)/CCC=C(C)C" labels="1/2/3//4/5/6///" defaultInID="9" usableAsAJoiner="yes">ner</token>
		<token value="Cc1c(OC)c(OC)ccc1" labels="/1/2,ortho///3,meta///4,para/5/6">o-veratr|orthoveratr|ortho-veratr</token>
		<token value="CCc1c(OC)c(OC)ccc1" labels="/alpha/1/2,ortho///3,meta///4,para/5/6">o-homoveratr|orthohomoveratr|ortho-homoveratr</token>
		<token value="CCCCCCCC\C=C/CCCCCC" labels="numeric" usableAsAJoiner="yes">palmitole</token>
		<token value="S1C(C)(C)[C@H](C)N2[C@H]1CC2=O" labels="1/2///3//4/5/6/7/" suffixAppliesTo="6">penicillan</token>
		<token value="S1C(C)(C)[C@H](C)N2[C@H]1[C@H](N)C2=O" labels="1/2///3//4/5/6//7/" suffixAppliesTo="6">6-aminopenicillan</token><!--6-APA-->
		<token value="CCCCC\C=C/CCCCCCCCCCC" labels="numeric" usableAsAJoiner="yes">petroselin|petrosel</token>
		<token value="[nH]1ccccc1" labels="1/2,ortho,alpha/3,meta,beta/4,para,gamma/5/6" addGroup="C locant 2" suffixAppliesTo="7" frontLocantsExpected="2,ortho,alpha,3,meta,beta,4,para,gamma">picol</token><!--contraction-->
		<token value="Cc1cc(O)c(O)cc1" labels="/1/2,ortho/3,meta//4,para//5/6">protocatechu</token>
		<token value="CCCCCCCCCCCCCCCCCCCCCCCCCCCCCCCCC" labels="numeric" usableAsAJoiner="yes">psyll</token>
		<token value="CCCCCCCC/C=C\C=C\C=C/CCCC" labels="numeric" usableAsAJoiner="yes">punic</token>
		<token value="CCCCCCCC\C=C/C[C@H](O)CCCCCC" labels="1/2/3/4/5/6/7/8/9/10/11/12//13/14/15/16/17/18" usableAsAJoiner="yes">ricinole</token>
		<token value="CCCCCCCC\C=C\C[C@H](O)CCCCCC" labels="1/2/3/4/5/6/7/8/9/10/11/12//13/14/15/16/17/18" usableAsAJoiner="yes">ricinelaid</token>
		<token value="C/C=C/c1cc(OC)c(O)c(OC)c1">sinap</token>
		<token value="C/C=C/C=C/C" labels="numeric" usableAsAJoiner="yes">sorb</token>
		<token value="Cc1cc(OC)c(O)c(OC)c1" labels="/1/2/3///4//5///6">syring</token>
		<token value="CCCCCCCCCC=C" labels="numeric">undecylen</token>
		<token value="CCCCCCCCCC/C=C/CCCCCC" labels="numeric" usableAsAJoiner="yes">vaccen</token>
		<token value="Cc1cc(OC)c(O)cc1" labels="/1/2,ortho/3,meta///4,para//5/6">vanill</token>
		<token value="Cc1cc(OC)c(OC)cc1" labels="/1/2,ortho/3,meta///4,para///5/6">veratr</token>
		<token value="c1ccccc1" labels="1/2/3/4/5/6" addGroup="C defaultLocant 2 alpha;C defaultLocant 3 alpha'" frontLocantsExpected="1,2,3,4,5,6">xyl</token>
	</tokenList>

	<!--This is the set of trivial acids for which common usage for yl is not known or use as both yl and oyl is common!!!-->
	<tokenList tagname="group" type="acidStem" subType="ylForNothing" symbol="d">
		<token value="CC#C" labels="1/2/3" usableAsAJoiner="yes">propiol</token><!--unknown-->
		<token value="Cc1c(C)cccc1" labels="/1/2,ortho//3,meta/4,para/5/6" suffixAppliesTo="1,4">phthal</token><!--both-->
		<token value="Cc1cc(C)ccc1" labels="/1/2,ortho/3,meta//4,para/5/6" suffixAppliesTo="1,5">isophthal</token><!--both-->
		<token value="Cc1ccc(C)cc1" labels="/1/2,ortho/3,meta/4,para//5/6" suffixAppliesTo="1,6">terephthal</token><!--both-->
		<token value="Cc1c(N)cccc1" labels="/1/2,ortho//3,meta/4,para/5/6">anthranil</token><!--unknown-->

		<token value="CC=C(C)CC" suffixAppliesTo="1,4,6">aconit</token><!--unknown-->
		<token value="CC(NC(=O)N)NC(=O)N">allant</token><!--unknown-->
		<token value="Cc1c(OC)cc(OC)c(OC)c1" labels="/1/2///3/4///5///6">asaron</token><!--unknown-->
		<token value="CCCCCCCCCC\C=C/CCCCCC" labels="numeric" usableAsAJoiner="yes">asclepin</token><!--unknown-->
		<token value="CNN" labels="1/2/3">carbaz</token><!--unknown-->
		<token value="n1ccc(C)c2ccccc12" labels="1/2/3/4//4a/5/6/7/8/8a" suffixAppliesTo="5">cinchonin</token><!--cinchonine is an alkaloid-->
		<token value="CCC(O)(C)CC" suffixAppliesTo="1,5,7" labels="1/2/3///4/5" defaultInID="2">citr</token><!--no clear definition as to what citryl means, defaultInID gives correct interpretation of hydroxycitrate-->
		<token value="Cc1c(C)cc(C)c(C)c1" labels="/1/2//3/4//5//6">duryl</token><!--unknown-->
		<token value="C(N(CC)CC)CN(CC)CC" suffixAppliesTo="4,6,10,12">edet</token><!--unknown-->
		<token value="Cc1cc(O)c(O)c(O)c1" labels="/1/2,ortho/3,meta//4,para//5//6">gall</token><!--unknown-->
		<token value="c1c(C)c(C)ccc1" labels="1/2//3//4/5/6">hemellit</token>
		<token value="Cc1c(C)c(C)ccc1" labels="/1/2//3//4/5/6" suffixAppliesTo="1,4,6">hemimellit</token><!--unknown-->
		<token value="CCCCCCCCCCCCCCCCCCCCCCCCCCCCCCC" labels="numeric" usableAsAJoiner="yes">henatriacontyl</token><!--clashes with a systematic name-->
		<token value="CCCCCCCCCCCCCCCCCCCCC" labels="numeric" usableAsAJoiner="yes">heneicosyl</token><!--clashes with a systematic name-->
		<token value="CCCCCCCCCCCCCCCCCCCCCCCCCCC" labels="numeric" usableAsAJoiner="yes">heptacosyl</token><!--clashes with a systematic name-->
		<token value="CCCCCCCCCCCCCCCCC" labels="numeric" usableAsAJoiner="yes">heptadecyl</token><!--clashes with a systematic name-->
		<token value="CCCCCCCCCCCCCCCCCCCCCCCCCCCCCCCCCCCC" labels="numeric" usableAsAJoiner="yes">hexatriacontyl</token><!--clashes with a systematic name-->
		<token value="CCc1c(C)cccc1" labels="/alpha/1/2,ortho//3,meta/4,para/5/6" suffixAppliesTo="1,5">homophthal</token><!--both [by analogy]-->
		<token value="CCc1cc(C)ccc1" labels="/alpha/1/2,ortho/3,meta//4,para/5/6" suffixAppliesTo="1,6">homoisophthal</token><!--both [by analogy]-->
		<token value="CCc1ccc(C)cc1" labels="/alpha/1/2,ortho/3,meta/4,para//5/6" suffixAppliesTo="1,7">homoterephthal</token><!--both [by analogy]-->
		<token value="CCNC(=O)N" labels="1/2/3/4//5">hydant</token><!--unknown-->
		<token value="CC(C)CC">hydrangel</token><!--unknown-->
		<token value="CC(O)C(C)CC" suffixAppliesTo="1,5,7">isocitr</token><!--unknown-->
		<token value="CC(=O)c1cc(C)ccc1" labels="///1/2,ortho/3,meta//4,para/5/6" suffixAppliesTo="1,7">isophthalon</token><!--unknown-->
		<token value="CC(CO)CC" suffixAppliesTo="1,6">itamal</token><!--unknown-->
		<token value="CC(CO)(O)CC" suffixAppliesTo="1,7">itatartar</token><!--unknown-->
		<token value="n1ccccc1" labels="1/2,ortho/3,meta/4,para/5/6" addGroup="C locant 2;C locant 4" frontLocantsExpected="2,3,4,5,6" suffixAppliesTo="7,8">lutidin</token>
		<token value="Cc1c(C)cc(OC)c(OC)c1" labels="/1/2,ortho//3,meta/4,para///5///6" suffixAppliesTo="1,4">m-hemipin</token><!--unknown-->
		<token value="Cc1c(C)cc(OC)c(OC)c1" labels="/1/2,ortho//3,meta/4,para///5///6" suffixAppliesTo="1,4">metahemipin</token><!--unknown-->
		<token value="Cc1c(C)cc(OC)c(OC)c1" labels="/1/2,ortho//3,meta/4,para///5///6" suffixAppliesTo="1,4">meta-hemipin</token><!--unknown-->
		<token value="c1c(O)cc(C)cc1">m-homosalicyl</token><!--unknown-->
		<token value="c1c(O)cc(C)cc1">meta-homosalicyl</token><!--unknown-->
		<token value="C/C=C\C(NC(N)=O)=O">maleur</token><!--unknown-->
		<token value="CCCc1c(O)cccc1" labels="/alpha/beta/1/2//3/4/5/6">melilot</token><!--unknown-->
		<token value="Cc1c(C)c(C)c(C)c(C)c1(C)" labels="/1/2//3//4//5//6/" suffixAppliesTo="1,4,6,8,10,12">mellit</token><!--unknown-->
		<!--Note that there is confusion between which structure prehnitic and mellophanic refer to, the CAS definition is used here-->
		<token value="Cc1c(C)c(C)c(C)cc1" labels="/1/2//3//4//5/6" suffixAppliesTo="1,4,6,8">mellophan</token><!--unknown-->
		<token value="CC[C@@](O)(C)CCO">mevalon</token><!--unknown-->
		<token value="CC[C@@](O)(C)CC=O">mevald</token><!--unknown-->
		<token value="CC(/Br)=C(/Br)C=O">mucobrom</token><!--unknown-->
		<token value="CC(/Cl)=C(/Cl)C=O">mucochlor</token><!--unknown-->
		<token value="CCCCCCCCCCCCCCCCCCC" labels="numeric" usableAsAJoiner="yes">nonadecyl</token><!--clashes with a systematic name-->
		<token value="CCCCCCCCCCCCCCCCCCCCCCCCCCCCC" labels="numeric" usableAsAJoiner="yes">nonacosyl</token><!--clashes with a systematic name-->
		<token value="c1c(O)c(C)ccc1">o-homosalicyl</token><!--unknown-->
		<token value="c1c(O)c(C)ccc1">ortho-homosalicyl</token><!--unknown-->
		<token value="CC(=O)N" labels="1/2//">oxam</token><!--oxamyl is something else?-->
		<token value="CC(=O)" labels="1/2/">oxaldehyd</token><!--unknown-->
		<token value="CC(=O)NC(=O)N">oxalur</token><!--unknown-->
		<token value="c1c(O)ccc(C)c1">p-homosalicyl</token><!--unknown-->
		<token value="c1c(O)ccc(C)c1">para-homosalicyl</token><!--unknown-->
		<token value="C[C@H](O)C(C)(C)CO">pant</token><!--unknown-->
		<token value="CCCCCCCCCCCCCCC" labels="numeric" usableAsAJoiner="yes">pentadecyl</token><!--clashes with a systematic name-->
		<token value="CCCCCCCCCCCCCCCCCCCCCCCCC" labels="numeric" usableAsAJoiner="yes">pentacosyl</token><!--clashes with a systematic name-->
		<token value="CCCc1ccc(O)cc1" labels="/alpha/beta/1/2/3/4//5/6">phloret</token><!--unknown-->
		<token value="CC(=O)c1c(C)cccc1" labels="///1/2,ortho//3,meta/4,para/5/6" suffixAppliesTo="1,6">phthalon</token><!--unknown-->
		<token value="Cc1cc2OCOc2cc1">piperonyl</token><!--unknown-->
		<token value="Cc1c(C)c(C)cc(C)c1" labels="/1/2//3//4/5//6" suffixAppliesTo="1,4,6,9">prehnit</token><!--unknown-->
		<token value="Cc1c(C)c(C)c(C)cc1" labels="/1/2//3//4//5/6">prehnityl</token><!--unknown-->
		<token value="CC(C)CCCC(C)CCCC(C)CCCC(C)C">pristan</token><!--unknown-->
		<token value="CC#C" labels="1/2/3" usableAsAJoiner="yes">propargyl</token><!--unknown-->
		<token value="Cc1ccc(NCc2cnc3nc(N)[nH]c(=O)c3n2)cc1" labels="/1'/2'/3'/4'/10/9/6/7/8/8a/1/2//3/4//4a/5/5'/6'">pter</token><!--unknown, pteroic preferred to pteric-->
		<token value="Cc1ccc(NCc2CNc3nc(N)[nH]c(=O)c3n2)cc1" labels="/1'/2'/3'/4'/10/9/6/7/8/8a/1/2//3/4//4a/5/5'/6'">dihydropter|7,8-dihydropter</token>
		<token value="Cc1ccc(NCC2CNc3nc(N)[nH]c(=O)c3N2)cc1" labels="/1'/2'/3'/4'/10/9/6/7/8/8a/1/2//3/4//4a/5/5'/6'">5,6,7,8-tetrahydropter</token>
		<token value="Cc1c(O)c(O)ccc1" labels="/1/2,ortho//3,meta//4,para/5/6">2-pyrocatechu</token><!--unknown-->
		<token value="Cc1c(O)c(O)ccc1" labels="/1/2,ortho//3,meta//4,para/5/6">o-pyrocatechu</token><!--unknown-->
		<token value="Cc1c(C)cc(C)c(C)c1" labels="/1/2//3/4//5//6" suffixAppliesTo="1,4,7,9">pyromellit</token><!--unknown-->
		<token value="CC(C)CC" suffixAppliesTo="1,5">pyrotartar</token><!--unknown-->
		<token value="Cc(n1)ccc2ccccc12" labels="/2/1/3/4/4a/5/6/7/8/8a">quinald</token><!--both-->
		<token value="Cc1c(O)cccc1" labels="/1/2,ortho//3,meta/4,para/5/6" defaultInID="4">salicyl</token><!--c.f. acetylsalicylic acid-->
		<token value="Cc1c(S)cccc1" labels="/1/2,ortho//3,meta/4,para/5/6" defaultInID="4">thiosalicyl</token>
		<token value="CC=C(C)C">seneci</token><!--unknown-->
		<token value="CCCCC\C=C/C\C=C/C\C=C/C\C=C/CC" labels="numeric" usableAsAJoiner="yes">stearidon</token>
		<token value="CC(O)C(O)C" suffixAppliesTo="1,6">tartar</token><!--unknown-->
		<token value="CC(O)C(O)C" suffixAppliesTo="1,6">dl-tartar</token><!--unknown-->
		<token value="C[C@H](O)[C@@H](O)C" suffixAppliesTo="1,6">l-tartar</token><!--unknown-->
		<token value="C[C@H](O)[C@@H](O)C" suffixAppliesTo="1,6">l(+)-tartar</token><!--unknown-->
		<token value="C[C@H](O)[C@@H](O)C" suffixAppliesTo="1,6">l-(+)-tartar</token><!--unknown-->
		<token value="C[C@H](O)[C@@H](O)C" suffixAppliesTo="1,6">dextrotartar</token><!--unknown-->
		<token value="C[C@@H](O)[C@H](O)C" suffixAppliesTo="1,6">d-tartar</token><!--unknown-->
		<token value="C[C@@H](O)[C@H](O)C" suffixAppliesTo="1,6">d(-)-tartar</token><!--unknown-->
		<token value="C[C@@H](O)[C@H](O)C" suffixAppliesTo="1,6">d-(-)-tartar</token><!--unknown-->
		<token value="C[C@@H](O)[C@H](O)C" suffixAppliesTo="1,6">levotartar</token><!--unknown-->
		<token value="C[C@H](O)[C@H](O)C" suffixAppliesTo="1,6">mesotartar</token><!--unknown-->
		<token value="CC(O)C" suffixAppliesTo="1,4">tartron</token><!--unknown-->
		<token value="CC(=O)c1ccc(C)cc1" labels="///1/2,ortho/3,meta/4,para//5/6" suffixAppliesTo="1,8">terephthalon</token><!--unknown-->
		<token value="CCCCCCCCCCCCCCCC" labels="numeric" suffixAppliesTo="1,16">thaps</token>
		<token value="C\C(C)=C\C">tigl</token><!--both-->
		<token value="C/C=C/CCCCCCCCC" suffixAppliesTo="1,12"  labels="numeric">traumat</token><!--unknown-->
		<token value="CCC(C)CC" suffixAppliesTo="1,4,6">tricarballyl</token><!--unknown-->
		<token value="CCCCCCCCCCCCCCCCCCCCCCC" labels="numeric" usableAsAJoiner="yes">tricosyl</token><!--clashes with a systematic name-->
		<token value="CCCCCCCCCCCCC" labels="numeric" usableAsAJoiner="yes">tridecyl</token><!--clashes with a systematic name-->
		<token value="CC(CO)c1ccccc1" labels="////1/2,ortho/3,meta/4,para/5/6">trop</token><!--tropyl is something else?-->
		<token value="CCCCCCCCCCC" labels="numeric" usableAsAJoiner="yes">undecyl</token><!--clashes with a systematic name-->
		<token value="C/C=C/c1c(O)cc(O)cc1" labels="/alpha/beta/1/2//3/4//5/6">umbell</token><!--unknown-->
		<token value="Cc1cc(C)cc(C)c1" suffixAppliesTo="1,5">uvit</token><!--unknown-->
		<token value="CC(CCC)CCC">valpr</token><!--unknown-->
		<token value="CC(O)c1cc(OC)c(O)cc1" labels="/alpha//1/2/3///4//5/6">vanilmandel</token><!--unknown-->
		<token value="CC(O)c1cc(OC)c(O)cc1" labels="/alpha//1/2/3///4//5/6">vanillomandel</token><!--unknown-->
		<token value="CC(O)c1cc(OC)c(O)cc1" labels="/alpha//1/2/3///4//5/6">vanillylmandel</token><!--unknown-->
	</tokenList>

	<tokenList tagname="group" type="acidStem" subType="ylForNothing" symbol="½">
		<!--This token class disallows any radical forming suffix-->
		<!--avoids ambiguity with leucine radicals-->
		<token value="CC(O)CC(C)C" labels="1/2,alpha//3,beta/4,gamma/5',delta'/5,delta">leuc|dl-leuc</token>
		<token value="C[C@H](O)CC(C)C" labels="1/2,alpha//3,beta/4,gamma/5',delta'/5,delta">d-leuc</token>
		<token value="C[C@@H](O)CC(C)C" labels="1/2,alpha//3,beta/4,gamma/5',delta'/5,delta">l-leuc</token>

		<!--avoids ambiguity with N-butyryl substituents-->
		<token value="CCCC" labels="1/2/3/4" usableAsAJoiner="yes">n-butyr</token>
	</tokenList>
</tokenLists>
