<!DOCTYPE tokenList SYSTEM "tokenLists.dtd">
<!--For convenience in order of priority-->
<!--Specified valencies have been provided for charged p-block elements-->
<tokenList tagname="heteroatom" symbol="H">
	<token value="F">fluora</token>
	<token value="Cl">chlora</token>
	<token value="Br">broma</token>
	<token value="I">ioda</token>
	<token value="[AtH]">astata</token>
	<token value="O">oxa</token>
	<token value="S">thia</token>
	<token value="[SeH2]">selena</token>
	<token value="[TeH2]">tellura</token>
	<token value="[PoH2]">polona</token>
	<token value="N">aza</token>
	<token value="P">phospha</token>
	<token value="[AsH3]">arsa</token>
	<token value="[SbH3]">stiba</token>
	<token value="[BiH3]">bisma</token>
	<token value="C">carba</token>
	<token value="[SiH4]">sila</token>
	<token value="[GeH4]">germa</token>
	<token value="[SnH4]">stanna</token>
	<token value="[PbH4]">plumba</token>
	<token value="B">bora</token>
	<token value="[AlH3]">alumina</token>
	<token value="[GaH3]">galla</token>
	<token value="[InH3]">inda</token>
	<token value="[TlH3]">thalla</token>
	<token value="[Zn]">zinca</token>
	<token value="[Cd]">cadma</token>
	<token value="[Hg]">mercura</token>
	<token value="[Cu]">cupra</token>
	<token value="[Ag]">argenta</token>
	<token value="[Au]">aura</token>
	<token value="[Ni]">nickela</token>
	<token value="[Pd]">pallada</token>
	<token value="[Pt]">platina</token>
	<token value="[Ds]">darmstadta</token>
	<token value="[Co]">cobalta</token>
	<token value="[Rh]">rhoda</token>
	<token value="[Ir]">irida</token>
	<token value="[Mt]">meitnera</token>
	<token value="[Fe]">ferra</token>
	<token value="[Ru]">ruthena</token>
	<token value="[Os]">osma</token>
	<token value="[Hs]">hassa</token>
	<token value="[Mn]">mangana</token>
	<token value="[Tc]">techneta</token>
	<token value="[Re]">rhena</token>
	<token value="[Bh]">bohra</token>
	<token value="[Cr]">chroma</token>
	<token value="[Mo]">molybda</token>
	<token value="[W]">tungsta</token>
	<token value="[Sg]">seaborga</token>
	<token value="[V]">vanada</token>
	<token value="[Nb]">nioba</token>
	<token value="[Ta]">tantala</token>
	<token value="[Db]">dubna</token>
	<token value="[Ti]">titana</token>
	<token value="[Zr]">zircona</token>
	<token value="[Hf]">hafna</token>
	<token value="[Rf]">rutherforda</token>
	<token value="[Sc]">scanda</token>
	<token value="[Y]">yttra</token>
	<token value="[La]">lanthana</token>
	<token value="[Ce]">cera</token>
	<token value="[Pr]">praseodyma</token>
	<token value="[Nd]">neodyma</token>
	<token value="[Pm]">prometha</token>
	<token value="[Sm]">samara</token>
	<token value="[Eu]">europa</token>
	<token value="[Gd]">gadolina</token>
	<token value="[Tb]">terba</token>
	<token value="[Dy]">dysprosa</token>
	<token value="[Ho]">holma</token>
	<token value="[Er]">erba</token>
	<token value="[Tm]">thula</token>
	<token value="[Yb]">ytterba</token>
	<token value="[Lu]">luteta</token>
	<token value="[Ac]">actina</token>
	<token value="[Th]">thora</token>
	<token value="[Pa]">protactina</token>
	<token value="[U]">urana</token>
	<token value="[Np]">neptuna</token>
	<token value="[Pu]">plutona</token>
	<token value="[Am]">america</token>
	<token value="[Cm]">cura</token>
	<token value="[Bk]">berkela</token>
	<token value="[Cf]">californa</token>
	<token value="[Es]">einsteina</token>
	<token value="[Fm]">ferma</token>
	<token value="[Md]">mendeleva</token>
	<token value="[No]">nobela</token>
	<token value="[Lr]">lawrenca</token>
	<token value="[Be]">berylla</token>
	<token value="[Mg]">magnesa</token>
	<token value="[Ca]">calca</token>
	<token value="[Sr]">stronta</token>
	<token value="[Ba]">bara</token>
	<token value="[Ra]">rada</token>
	<token value="[Li]">litha</token>
	<token value="[Na]">soda</token>
	<token value="[K]">potassa</token>
	<token value="[Rb]">rubida</token>
	<token value="[Cs]">caesa</token>
	<token value="[Fr]">franca</token>
	<token value="[He]">hela</token>
	<token value="[Ne]">neona</token>
	<token value="[Ar]">argona</token>
	<token value="[Kr]">kryptona</token>
	<token value="[Xe]">xenona</token>
	<token value="[Rn]">radona</token>

	<token value="[FH2+]">fluoronia</token>
	<token value="[ClH2+]">chloronia</token>
	<token value="[BrH2+]">bromonia</token>
	<token value="[IH2+]">iodonia</token>
	<token value="[AtH2+]">astatonia</token>
	<token value="[OH3+]">oxonia</token>
	<token value="[SH3+]">thionia</token>
	<token value="[SeH3+]">selenonia</token>
	<token value="[TeH3+]">telluronia</token>
	<token value="[PoH3+]">polononia</token>
	<token value="[NH4+]">azonia</token>
	<token value="[PH4+]">phosphonia</token>
	<token value="[AsH4+]">arsonia</token>
	<token value="[SbH4+]">stibonia</token>
	<token value="[BiH4+]">bismuthonia</token>
	<token value="[CH5+]">carbonia</token>
	<token value="[SiH5+]">silonia</token>
	<token value="[GeH5+]">germonia</token>
	<token value="[SnH5+]">stannonia</token>
	<token value="[PbH5+]">plumbonia</token>
	<token value="[BH4+]">boronia</token>
	<token value="[AlH4+]">aluminonia</token>
	<token value="[GaH4+]">gallonia</token>
	<token value="[InH4+]">indonia</token>
	<token value="[TlH4+]">thallonia</token>
	<token value="[Zn+]">zinconia</token>
	<token value="[Cd+]">cadmonia</token>
	<token value="[Hg+]">mercuronia</token>
	<token value="[Cu+]">cupronia</token>
	<token value="[Ag+]">argentonia</token>
	<token value="[Au+]">auronia</token>
	<token value="[Ni+]">nickelonia</token>
	<token value="[Pd+]">palladonia</token>
	<token value="[Pt+]">platinonia</token>
	<token value="[Ds+]">darmstadtonia</token>
	<token value="[Co+]">cobaltonia</token>
	<token value="[Rh+]">rhodonia</token>
	<token value="[Ir+]">iridonia</token>
	<token value="[Mt+]">meitneronia</token>
	<token value="[Fe+]">ferronia</token>
	<token value="[Ru+]">ruthenonia</token>
	<token value="[Os+]">osmonia</token>
	<token value="[Hs+]">hassonia</token>
	<token value="[Mn+]">manganonia</token>
	<token value="[Tc+]">technetonia</token>
	<token value="[Re+]">rhenonia</token>
	<token value="[Bh+]">bohronia</token>
	<token value="[Cr+]">chromonia</token>
	<token value="[Mo+]">molybdonia</token>
	<token value="[W+]">tungstonia</token>
	<token value="[Sg+]">seaborgonia</token>
	<token value="[V+]">vanadonia</token>
	<token value="[Nb+]">niobonia</token>
	<token value="[Ta+]">tantalonia</token>
	<token value="[Db+]">dubnonia</token>
	<token value="[Ti+]">titanonia</token>
	<token value="[Zr+]">zircononia</token>
	<token value="[Hf+]">hafnonia</token>
	<token value="[Rf+]">rutherfordonia</token>
	<token value="[Sc+]">scandonia</token>
	<token value="[Y+]">yttronia</token>
	<token value="[La+]">lanthanonia</token>
	<token value="[Ce+]">ceronia</token>
	<token value="[Pr+]">praseodymonia</token>
	<token value="[Nd+]">neodymonia</token>
	<token value="[Pm+]">promethonia</token>
	<token value="[Sm+]">samaronia</token>
	<token value="[Eu+]">europonia</token>
	<token value="[Gd+]">gadolinonia</token>
	<token value="[Tb+]">terbonia</token>
	<token value="[Dy+]">dysprosonia</token>
	<token value="[Ho+]">holmonia</token>
	<token value="[Er+]">erbonia</token>
	<token value="[Tm+]">thulonia</token>
	<token value="[Yb+]">ytterbonia</token>
	<token value="[Lu+]">lutetonia</token>
	<token value="[Ac+]">actinonia</token>
	<token value="[Th+]">thoronia</token>
	<token value="[Pa+]">protactinonia</token>
	<token value="[U+]">uranonia</token>
	<token value="[Np+]">neptunonia</token>
	<token value="[Pu+]">plutononia</token>
	<token value="[Am+]">americonia</token>
	<token value="[Cm+]">curonia</token>
	<token value="[Bk+]">berkelonia</token>
	<token value="[Cf+]">californonia</token>
	<token value="[Es+]">einsteinonia</token>
	<token value="[Fm+]">fermonia</token>
	<token value="[Md+]">mendelevonia</token>
	<token value="[No+]">nobelonia</token>
	<token value="[Lr+]">lawrenconia</token>
	<token value="[Be+]">beryllonia</token>
	<token value="[Mg+]">magnesonia</token>
	<token value="[Ca+]">calconia</token>
	<token value="[Sr+]">strontonia</token>
	<token value="[Ba+]">baronia</token>
	<token value="[Ra+]">radonia</token>
	<token value="[Li+]">lithonia</token>
	<token value="[Na+]">sodonia</token>
	<token value="[K+]">potassonia</token>
	<token value="[Rb+]">rubidonia</token>
	<token value="[Cs+]">caesonia</token>
	<token value="[Fr+]">franconia</token>
	<token value="[He+]">helonia</token>
	<token value="[Ne+]">neononia</token>
	<token value="[Ar+]">argononia</token>
	<token value="[Kr+]">kryptononia</token>
	<token value="[Xe+]">xenononia</token>
	<token value="[Rn+]">radononia</token>

	<token value="[F+]">fluoranylia</token>
	<token value="[Cl+]">chloranylia</token>
	<token value="[Br+]">bromanylia</token>
	<token value="[I+]">iodanylia</token>
	<token value="[At+]">astatanylia</token>
	<token value="[OH+]">oxidanylia</token>
	<token value="[SH+]">sulfanylia</token>
	<token value="[SeH+]">selanylia</token>
	<token value="[TeH+]">tellanylia</token>
	<token value="[PoH+]">polanylia</token>
	<token value="[NH2+]">azanylia</token>
	<token value="[PH2+]">phosphanylia</token>
	<token value="[AsH2+]">arsanylia</token>
	<token value="[SbH2+]">stibanylia</token>
	<token value="[BiH2+]">bismuthanylia</token>
	<token value="[CH3+]">carbanylia</token>
	<token value="[SiH3+]">silanylia</token>
	<token value="[GeH3+]">germanylia</token>
	<token value="[SnH3+]">stannanylia</token>
	<token value="[PbH3+]">plumbanylia</token>
	<token value="[BH2+]">boranylia</token>
	<token value="[AlH2+]">alumanylia</token>
	<token value="[InH2+]">indiganylia</token>
	<token value="[GaH2+]">gallanylia</token>
	<token value="[TlH2+]">thallanylia</token>

	<token value="[F-]">fluoranida</token>
	<token value="[Cl-]">chloranida</token>
	<token value="[Br-]">bromanida</token>
	<token value="[I-]">iodanida</token>
	<token value="[At-]">astatanida</token>
	<token value="[OH-]">oxidanida</token>
	<token value="[SH-]">sulfanida</token>
	<token value="[SeH-]">selanida</token>
	<token value="[TeH-]">tellanida</token>
	<token value="[PoH-]">polanida</token>
	<token value="[NH2-]">azanida</token>
	<token value="[PH2-]">phosphanida</token>
	<token value="[AsH2-]">arsanida</token>
	<token value="[SbH2-]">stibanida</token>
	<token value="[BiH2-]">bismuthanida</token>
	<token value="[CH3-]">carbanida</token>
	<token value="[SiH3-]">silanida</token>
	<token value="[GeH3-]">germanida</token>
	<token value="[SnH3-]">stannanida</token>
	<token value="[PbH3-]">plumbanida</token>
	<token value="[BH2-]">boranida</token>
	<token value="[AlH2-]">alumanida</token>
	<token value="[InH2-]">indiganida</token>
	<token value="[GaH2-]">gallanida</token>
	<token value="[TlH2-]">thallanida</token>

	<token value="[FH2-]">fluoranuida</token>
	<token value="[ClH2-]">chloranuida</token>
	<token value="[BrH2-]">bromanuida</token>
	<token value="[IH2-]">iodanuida</token>
	<token value="[AtH2-]">astatanuida</token>
	<token value="[OH3-]">oxidanuida</token>
	<token value="[SH3-]">sulfanuida</token>
	<token value="[SeH3-]">selanuida</token>
	<token value="[TeH3-]">tellanuida</token>
	<token value="[PoH3-]">polanuida</token>
	<token value="[NH4-]">azanuida</token>
	<token value="[PH4-]">phosphanuida</token>
	<token value="[AsH4-]">arsanuida</token>
	<token value="[SbH4-]">stibanuida</token>
	<token value="[BiH4-]">bismuthanuida</token>
	<token value="[CH5-]">carbanuida</token>
	<token value="[SiH5-]">silanuida</token>
	<token value="[GeH5-]">germanuida</token>
	<token value="[SnH5-]">stannanuida</token>
	<token value="[PbH5-]">plumbanuida</token>
	<token value="[BH4-]">boranuida</token>
	<token value="[AlH4-]">alumanuida</token>
	<token value="[InH4-]">indiganuida</token>
	<token value="[GaH4-]">gallanuida</token>
	<token value="[TlH4-]">thallanuida</token>
</tokenList>
