<!DOCTYPE tokenLists SYSTEM "tokenLists.dtd">
<!-- value = a reference to suffixApplicability.xml -->
<tokenLists>
	<tokenList tagname="suffix" type="charge" symbol="I">
		<token value="ium">ium</token>
		<token value="ide">ide|id</token>
		<token value="ylium">ylium|(ylium)</token>
		<token value="uide">uide|uid</token>
	</tokenList>

	<!--for use after alkanestems e.g. methylium-->
	<tokenList tagname="suffix" type="charge" symbol="õ">
		<token value="ylium">ylium|(ylium)</token>
	</tokenList>
</tokenLists>
