<!DOCTYPE tokenLists SYSTEM "tokenLists.dtd">
<!--Used grammatically the same as simpleSubstituents, but all substituents support being bonded to multiple groups i.e. they are divalent (or higher)-->
<tokenLists>
	<tokenList tagname="group" type="substituent" subType="multiRadicalSubstituent" symbol="x">
	<!-- implement ylene =diyl for rings e.g. naphthylene-->
		<token value="C" labels="1" outIDs="1,1" usableAsAJoiner="yes" iminoLike="yes">methylene|methylen</token>
		<token value="CC" labels="1/2" outIDs="1,2">ethylene|ethylen</token>
		<token value="CCC" labels="1/2/3" outIDs="1,2">propylene|propylen</token><!--retained in 1979 guidelines, note it is not 1,3-->
		<token value="CCCC" labels="1/2/3/4" outIDs="1,4">butylene|butylen</token>
		<token value="CCCCC" labels="numeric" outIDs="1,5">pentylene|pentylen</token>
		<token value="CCCCCC" labels="numeric" outIDs="1,6">hexylene|hexylen</token>
		<token value="CCCCCCC" labels="numeric" outIDs="1,7">heptylene|heptylen</token>
		<token value="CCCCCCCC" labels="numeric" outIDs="1,8">octylene|octylen</token>
		<token value="CCCCCCCCC" labels="numeric" outIDs="1,9">nonylene|nonylen</token>
		<token value="CCCCCCCCCCC" labels="numeric" outIDs="1,11">undecylene|undecylen</token>

		<token value="C" outIDs="1,1" usableAsAJoiner="yes" iminoLike="yes">carbene</token>
		<token value="C=C" labels="1/2" outIDs="1,2">vinylene|vinylen</token>
		<token value="CC(C)(C)C" outIDs="1,3">neopentylene|neopentylen</token>

		<token value="c1c(C)c(C)cc(C)c1C" outIDs="1,6">durylene|durylen</token>
		<token value="c1ccccc1" labels="1/2,ortho/3,meta/4,para/5/6" outIDs="1,2">phenylene|phenylen</token>
		<token value="=Cc1c2cccc1.C2=" labels="/1/2,ortho/3,meta/4,para/5/6/">phthalylidene|phthalyliden|phthalal</token>
		<token value="=Cc1cc2ccc1.C2=" labels="/1/2,ortho/3,meta/4,para/5/6/">isophthalylidene|isophthalyliden|isophthalal</token>
		<token value="=Cc1ccc2cc1.C2=" labels="/1/2,ortho/3,meta/4,para/5/6/">terephthalylidene|terephthalyliden|terephthalal</token>
		<token value="Cc1ccccc1" labels="alpha/1/2,ortho/3,meta/4,para/5/6" outIDs="3,5">tolylene|tolylen</token>
		<token value="NNC(=O)N" labels="1/2/3//4" outIDs="1,1">semicarbazono</token>
		<token value="[SiH3]O" outIDs="1,2">siloxane|siloxan</token>
		<token value="NC(=O)N" labels="3/2//1" outIDs="1,4">ureylene|ureylen</token>
		<token value="c1ccccc1" labels="1/2,ortho/3,meta/4,para/5/6" outIDs="7,8" addGroup="C locant 1;C defaultLocant 2" frontLocantsExpected="1,2,ortho,3,meta,4,para,5,6">xylylene|xylylen</token>

		<token value="NN" labels="1/2" outIDs="1,2" usableAsAJoiner="yes" acceptsAdditiveBonds="yes">hydrazo</token>
		<token value="=NN=">azino</token>
		<token value="N=N" outIDs="1,2" usableAsAJoiner="yes" acceptsAdditiveBonds="yes">azo</token>
		<token value="[NH+]([O-])=N" outIDs="1,3" usableAsAJoiner="yes" acceptsAdditiveBonds="yes">azoxy</token><!--unknown oxygen position-->
		<token value="N=[NH+][O-]" outIDs="1,2" usableAsAJoiner="yes" acceptsAdditiveBonds="yes">nno-azoxy</token>
		<token value="[NH+]([O-])=N" outIDs="1,3" usableAsAJoiner="yes" acceptsAdditiveBonds="yes">non-azoxy</token><!--unknown oxygen position-->
		<token value="[NH+]([O-])=N" outIDs="1,3" usableAsAJoiner="yes" acceptsAdditiveBonds="yes">onn-azoxy</token>
		<token value="NN=N" outIDs="1,3" usableAsAJoiner="yes" acceptsAdditiveBonds="yes">diazoamino</token>
		<token value="N" outIDs="1,1">nitrene|aminylene|aminylen</token>
		<token value="N" outIDs="1,1" usableAsAJoiner="yes" iminoLike="yes">imino</token>
		<token value="[NH4+]" outIDs="1,1" usableAsAJoiner="yes" iminoLike="yes">iminio</token>
		<token value="N" outIDs="1,1,1">nitrilo</token>
		<token value="[NH4+]" outIDs="1,1,1">nitrilio</token>

		<token value="[P|3]" outIDs="1,1,1">phosphinidyne|phosphinidyn</token>
		<token value="[As|3]" outIDs="1,1,1">arsinidyne|arsinidyn</token>
		<token value="[Sb|3]" outIDs="1,1,1">stibylidyne|stibylidyn</token>
		<token value="[Bi|3]" outIDs="1,1,1">bismuthylidyne|bismuthylidyn</token>
		<token value="[P|4+]" outIDs="1,1">phosphinidenio</token>
		<token value="[As|4+]" outIDs="1,1">arsinidenio</token>
		<token value="[P|5](=O)(O)" outIDs="1,1">phosphinico</token>
		<token value="[As|5](=O)(O)" outIDs="1,1">arsinico</token>
		<token value="[Sb|5](=O)(O)" outIDs="1,1">stibinico</token>

		<token value="OO" outIDs="1,2" usableAsAJoiner="yes" acceptsAdditiveBonds="yes">peroxy</token><!--Also used in functional replacement-->

		<token value="[NH3+][O-]" outIDs="1,1,1" usableAsAJoiner="yes" acceptsAdditiveBonds="yes">nitroryl</token>
		<token value="[P|5](=O)[O-]" outIDs="1,1" usableAsAJoiner="yes" acceptsAdditiveBonds="yes">phosphinato</token>
		<token value="[As|5](=O)[O-]" outIDs="1,1" usableAsAJoiner="yes" acceptsAdditiveBonds="yes">arsinato</token>
		<token value="[Sb|5](=O)[O-]" outIDs="1,1" usableAsAJoiner="yes" acceptsAdditiveBonds="yes">stibinato</token>

		<token value="[SiH4]" outIDs="1,1">silylene|silylen</token>
		<token value="[GeH4]" outIDs="1,1">germylene|germylen</token>
		<token value="[SnH4]" outIDs="1,1">stannylene|stannylen</token>
		<token value="[PbH4]" outIDs="1,1">plumbylene|plumbylen</token>
		<token value="B" outIDs="1,1">borylene|borylen</token>

		<token value="O" outIDs="1,1" usableAsAJoiner="yes" acceptsAdditiveBonds="yes">oxy</token>
		<!--limit chalcogen analogues to valency 2 to resolve ambiguity in badly bracketted names-->
		<token value="[SH2|2]" outIDs="1,1" usableAsAJoiner="yes" acceptsAdditiveBonds="yes">thio</token><!--Also used in functional replacement-->
		<token value="[SeH2|2]" outIDs="1,1" usableAsAJoiner="yes" acceptsAdditiveBonds="yes">seleno</token><!--Also used in functional replacement-->
		<token value="[TeH2|2]" outIDs="1,1" usableAsAJoiner="yes" acceptsAdditiveBonds="yes">telluro</token><!--Also used in functional replacement-->

	<!--Should be suffixes ONLY according to IUPAC-->
		<token value="C=S" outIDs="1,1" usableAsAJoiner="yes" acceptsAdditiveBonds="yes">carbothioyl</token><!--alternative to thiocarbonyl-->
		<token value="C=[Se]" outIDs="1,1" usableAsAJoiner="yes" acceptsAdditiveBonds="yes">carboselenoyl</token>
		<token value="C=[Te]" outIDs="1,1" usableAsAJoiner="yes" acceptsAdditiveBonds="yes">carbotelluroyl</token>
		<token value="C=NN" outIDs="1,1" usableAsAJoiner="yes" acceptsAdditiveBonds="yes">carbohydrazonoyl</token>
		<token value="C=N" outIDs="1,1" usableAsAJoiner="yes" acceptsAdditiveBonds="yes">carboimidoyl</token>
		<token value="C=NO" outIDs="1,1" usableAsAJoiner="yes" acceptsAdditiveBonds="yes">carbohydroximoyl</token>
	</tokenList>
	<tokenList tagname="fusedRingBridge" symbol="å">
		<!--alkano bridges handled systematically -->
		<!--Many of these other bridges could be handled systematically,
		but as bridging nomenclature is rarely used and there are significant divergences
		between IUPAC, CAS and Beilstein this may not be worth the effort-->
		<token value="-C=C-">etheno</token>
		<token value="-C=CC-">prop[1]eno|propeno</token>
		<token value="-C=CCC-">but[1]eno|[1]buteno|but-1-eno</token>
		<token value="-CC=CC-">but[2]eno|[2]buteno|but-2-eno</token>
		<token value="-C=CC=C-">buta[1,3]dieno|[1,3]butadieno|buta-1,3-dieno</token>

		<token value="-O-">epoxy|epioxido</token>
		<token value="-OO-">epidioxy|epidioxido</token>
		<token value="-OOO-">epitrioxy|epitrioxido</token>
		<token value="-S-">epithio|episulfano</token>
		<token value="-[S|4]-">lambda4-sulfano|epi-lambda4-sulfano</token>
		<token value="-[S|6]-">lambda6-sulfano|epi-lambda6-sulfano</token>
		<token value="-SS-">epidithio|epidisulfano</token>
		<token value="-[SeH2]-">episeleno|episelano</token>
		<token value="-[TeH2]-">epitelluro|epitellano</token>
		<token value="-N-">epimino|epiimino|epiazano</token><!--imino handled as a substituent-->
		<token value="-NN-">diazano|biimino|epidiazano</token>
		<token value="-N=N-">diazeno|epidiazeno</token><!--azo handled as a substituent-->
		<token value="-N=NN-">triaz[1]eno|azimino|epitriazeno|epitriaz-1-eno</token>
		<token value="-P-">phosphano|epiphosphano</token><!--phosphinidene handled as a substituent-->
		<token value="-[AsH]-">arsano|epiarsano</token><!--arsinidene handled as a substituent-->
		<token value="-[SbH]-">stibano|epistibano</token><!--stibylene handled as a substituent-->
		<token value="-[SiH2]-">silano|episilano</token>
		<token value="-[GeH2]-">germano|epigermano</token>
		<token value="-[SnH2]-">stannano</token>
		<token value="-B-">borano|epiborano</token><!--borylene handled as a substituent-->

		<token value="-c-">(metheno)|metheno</token>
		<token value="-n-">(azeno)|azeno|epiazanylylidene</token>
		<token value="-p-">(phospheno)|phospheno|epiphosphanylylidene</token>

		<token value="-CC=">(ethanylylidene)|ethanylylidene|epiethanylylidene</token>
		<token value="=CC=">(ethanediylidene)|ethanediylidene|epiethanediylidene</token>
		<token value="-CCC=">(propan[1]yl[3]ylidene)|propan[1]yl[3]ylidene</token>
		<token value="-C=CC=">(prop[1]en[1]yl[3]ylidene)|prop[1]en[1]yl[3]ylidene</token>
		<token value="=NN=">(diazanediylidene)|diazanediylidene|epidiazanediylidene</token><!--azino handled as a substituent-->

		<token value="-OC-">(epoxymethano)|oxaethano</token>
		<token value="-NCC-">(epiminoethano)|(iminoethano)|[1]azapropano</token>
		<token value="-OC=CC-">(epoxyprop[1]eno)|(epoxy[1]propeno)|[1]oxabut-2-eno</token>
		<token value="-OCC=C-">(epoxyprop[2]eno)|(epoxy[2]propeno)|[1]oxabut-3-eno</token>
		<token value="-CCNC-">(ethanoiminomethano)|(ethaniminomethano)</token>
		<token value="-CNCC-">[2]azabutano</token>
		<token value="-COC=">(methanooxymetheno)|(methanoxymetheno)|epi[2]oxapropan-1-yl-3-ylidene</token>
		<token value="-OCN=C-">(epoxymethanoazenometheno)|(epoxymethanonitrilometheno)|[1]oxa[3]azabut-3-eno</token>
		<token value="-OC=NC-">(epoxymethenoazenomethano)|(epoxymethenonitrilomethano)|[1]oxa[3]azabut-2-eno</token>
	</tokenList>
	<tokenList tagname="group" type="substituent" subType="multiRadicalSubstituent" symbol="Ù">
		<token value="N" outIDs="1,1,1">amine|amin</token><!--Can not be used as the core of multiplicative nomenclature-->
	</tokenList>
</tokenLists>
