<!DOCTYPE tokenLists SYSTEM "tokenLists.dtd">
<!--A natural product including any trivially named alkaloid/steroid/terpenoid 
Natural products are treated as cyclic biochemicals. Many natural products support the alpha/beta convention for indicating stereochemistry-->
<tokenLists>
	<tokenList tagname="group" type="ring" subType="biochemical" symbol="Ô">
<!--alkaloids-->
		<token value="C1[C@@H]2C[C@@H]3[C@H]1[C@H](CC2)[C@H]1C[C@@H]2[C@H]4CCC[C@@]32[C@@H]1NC4" labels="14/13/12/10/9/8/15/16/7/6/5/4/3/2/1/11/17/18/19" alphaBetaClockWiseAtomOrdering="10/9/8/7/6/5/4/3/2/1/11">aconit</token>
		<token value="c12[C@]3(C[C@H]45)C[C@@H]4N6C[C@@H](CC)[C@@H]5C[C@H]6[C@@H]3N(C)c2cccc1" labels="8/7/17/16/6/5/4/21/20/19/18/15/14/3/2/1/22/13/12/11/10/9" alphaBetaClockWiseAtomOrdering="8/7/6/5/4/21/20/15/14/3/2/1/13/12/11/10/9">ajmal</token>
		<token value="[N@@]12C[C@H](C=C)[C@@H](CC1)C[C@@H]2Cc4ccnc5ccccc45" labels="1/2/3/10/11/4/5/6/7/8/9/4'/3'/2'/1'/9'/8'/7'/6'/5'/10'" alphaBetaClockWiseAtomOrdering="1/8/7/4/3/2/1">cinchon</token>
		<token value="c1cccc2[C@@]34CCCC[C@H]3[C@@H](Cc12)NCC4" labels="1/2/3/4/12/13/5/6/7/8/14/9/10/11/17/16/15" alphaBetaClockWiseAtomOrdering="1/11/19/9/14/8/7/6/5/13/12/4/3/2">morphin</token>
		<token value="[C@H]12CCC[C@@H]3CC1.N23C" labels="1/2/3/4/5/6/7/8/9" alphaBetaClockWiseAtomOrdering="1/2/3/4/5/6/7">trop</token>
<!--steroids-->
		<token value="C[C@@]12CCC[C@H]1[C@@H]1CCC3CCCC[C@]3(C)[C@H]1CC2" labels="18/13/17/16/15/14/8/7/6/5/4/3/2/1/10/19/9/11/12" alphaBetaClockWiseAtomOrdering="11/12/13/17/16/15/14/8/7/6/5/4/3/2/1/10/9" suffixAppliesToByDefault="12,3">androst</token>
		<token value="CC(C)[C@H](C)CC[C@@H](C)[C@H]1CC[C@H]2[C@@H]3CCC4CCCC[C@]4(C)[C@H]3CC[C@]12C" labels="26/25/27/24/28/23/22/20/21/17/16/15/14/8/7/6/5/4/3/2/1/10/19/9/11/12/13/18" alphaBetaClockWiseAtomOrdering="11/12/13/17/16/15/14/8/7/6/5/4/3/2/1/10/9">campest</token>
		<token value="CCC[C@@H](C)[C@H]1CC[C@H]2[C@@H]3CCC4CCCC[C@]4(C)[C@H]3CC[C@]12C" labels="24/23/22/20/21/17/16/15/14/8/7/6/5/4/3/2/1/10/19/9/11/12/13/18" alphaBetaClockWiseAtomOrdering="11/12/13/17/16/15/14/8/7/6/5/4/3/2/1/10/9" suffixAppliesToByDefault="1">chol</token>
		<token value="CC(C)CCC[C@@H](C)[C@H]1CC[C@H]2[C@@H]3CCC4CCCC[C@]4(C)[C@H]3CC[C@]12C" labels="26/25/27/24/23/22/20/21/17/16/15/14/8/7/6/5/4/3/2/1/10/19/9/11/12/13/18" alphaBetaClockWiseAtomOrdering="11/12/13/17/16/15/14/8/7/6/5/4/3/2/1/10/9">cholest</token>
		<token value="CC(C)[C@@H](C)CC[C@@H](C)[C@H]1CC[C@H]2[C@@H]3CCC4CCCC[C@]4(C)[C@H]3CC[C@]12C" labels="26/25/27/24/28/23/22/20/21/17/16/15/14/8/7/6/5/4/3/2/1/10/19/9/11/12/13/18" alphaBetaClockWiseAtomOrdering="11/12/13/17/16/15/14/8/7/6/5/4/3/2/1/10/9">ergost</token>
		<token value="C[C@@]12CCC[C@H]1[C@@H]1CCC3CCCC[C@@H]3[C@H]1CC2" labels="18/13/17/16/15/14/8/7/6/5/4/3/2/1/10/9/11/12" alphaBetaClockWiseAtomOrdering="11/12/13/17/16/15/14/8/7/6/5/4/3/2/1/10/9">estr|oestr</token>
		<token value="CC(C)CCC1O[C@H]2C[C@H]3[C@@H]4CCC5CCCC[C@]5(C)[C@H]4CC[C@]3(C)[C@H]2[C@@H]1C" labels="27/25/26/24/23/22/UnlabelledO/16/15/14/8/7/6/5/4/3/2/1/10/19/9/11/12/13/18/17/20/21" alphaBetaClockWiseAtomOrdering="11/12/13/17/20/22/UnlabelledO/16/15/14/8/7/6/5/4/3/2/1/10/9">furost</token>
		<token value="C1C[C@H]2CC[C@H]3[C@@H](CCC4CCCC[C@H]34)[C@@H]2C1" labels="16/17/13/12/11/9/8/7/6/5/4/3/2/1/10/14/15" alphaBetaClockWiseAtomOrdering="11/12/13/17/16/15/14/8/7/6/5/4/3/2/1/10/9">gon</token>
		<token value="CC(C)[C@@H](C)[C@@]1(C)C[C@@H]1[C@@H](C)[C@H]1CC[C@H]2[C@@H]3CCC4CCCC[C@]4(C)[C@H]3CC[C@]12C" labels="26/25/27/24/28/23/33/34/22/20/21/17/16/15/14/8/7/6/5/4/3/2/1/10/19/9/11/12/13/18" alphaBetaClockWiseAtomOrdering="11/12/13/17/16/15/14/8/7/6/5/4/3/2/1/10/9">gorgost</token>
		<token value="CC[C@@H](CC[C@@H](C)[C@H]1CC[C@H]2[C@@H]3CCC4CCCC[C@]4(C)[C@H]3CC[C@]12C)C(C)C" labels="29/28/24/23/22/20/21/17/16/15/14/8/7/6/5/4/3/2/1/10/19/9/11/12/13/18/25/26/27" alphaBetaClockWiseAtomOrdering="11/12/13/17/16/15/14/8/7/6/5/4/3/2/1/10/9">poriferast</token>
		<token value="CC[C@H]1CC[C@H]2[C@@H]3CCC4CCCC[C@]4(C)[C@H]3CC[C@]12C" labels="21/20/17/16/15/14/8/7/6/5/4/3/2/1/10/19/9/11/12/13/18" alphaBetaClockWiseAtomOrdering="11/12/13/17/16/15/14/8/7/6/5/4/3/2/1/10/9">pregn</token>
		<token value="C[C@H]1[C@H]2[C@H](C[C@H]3[C@@H]4CCC5CCCC[C@]5(C)[C@H]4CC[C@]23C)O[C@]11CCC(C)CO1" labels="21/20/17/16/15/14/8/7/6/5/4/3/2/1/10/19/9/11/12/13/18/UnlabelledO/22/23/24/25/27/26/" alphaBetaClockWiseAtomOrdering="11/12/13/17/20/22/UnlabelledO/16/15/14/8/7/6/5/4/3/2/1/10/9">spirost</token>
		<token value="CC[C@H](CC[C@@H](C)[C@H]1CC[C@H]2[C@@H]3CCC4CCCC[C@]4(C)[C@H]3CC[C@]12C)C(C)C" labels="29/28/24/23/22/20/21/17/16/15/14/8/7/6/5/4/3/2/1/10/19/9/11/12/13/18/25/26/27" alphaBetaClockWiseAtomOrdering="11/12/13/17/16/15/14/8/7/6/5/4/3/2/1/10/9">stigmast</token>

<!--misc-->
		<token value="c1cccc2OC[C@H]3c4ccccc4O[C@H]3c12" labels="1/2/3/4/4a/5/6/6a/6b/7/8/9/10/10a/11/11a/11b">pterocarp</token>
		<token value="CCCCCCC[C@H]1CCC[C@@H]1CCCCCCCC" labels="1/2/3/4/5/6/7/8/9/10/11/12/13/14/15/16/17/18/19/20" alphaBetaClockWiseAtomOrdering="8/12/11/10/9" suffixAppliesToByDefault="1">prost</token>
		<token value="O1[C@@H]2COc3ccccc3[C@@H]2Cc4ccccc14" labels="1/2/21//2'/3'/4'/5'/6'/1'/3/4/4a/5/6/7/8/8a">roten</token><!--21 should be 2 superscript 1 -->
		<token value="CCCCCCC[C@H]1CCCO[C@@H]1CCCCCCCC" labels="1/2/3/4/5/6/7/8/9/10/11/11a/12/13/14/15/16/17/18/19/20" alphaBetaClockWiseAtomOrdering="8/12/11a/11/10/9">thrombox</token>
	</tokenList>
	<tokenList tagname="group" type="ring" subType="biochemical" symbol="G">
<!--terpenes-->
		<token value="CC1=CCC(C(C)(O)C)CC1" labels="none">alpha-terpineol</token>
		<token value="CC1(O)CCC(C(=C)C)CC1" labels="none">beta-terpineol</token>
		<token value="CC1(O)CCC(=C(C)C)CC1" labels="none">gamma-terpineol</token>
		<token value="CC1=CCC(C(C)C)(O)CC1" labels="none">4-terpineol|terpin-4-ol|4-terpinenol|terpinen-4-ol</token>
<!--steroids-->
		<token value="C[C@]12CC[C@H]3[C@@H](CCC4CCCC[C@]34C)[C@H]1CC[C@@H]2[C@H]1CCC(=O)OC1" labels="18/13/12/11/9/8/7/6/5/4/3/2/1/10/19/14/15/16/17/20/22/23/24///21" alphaBetaClockWiseAtomOrdering="11/12/13/17/16/15/14/8/7/6/5/4/3/2/1/10/9">bufanolide|bufanolid</token>
		<token value="C[C@]12CC[C@H]3[C@@H](CCC4CCCC[C@]34C)[C@H]1CC[C@@H]2C=1C=CC(=O)OC1" labels="18/13/12/11/9/8/7/6/5/4/3/2/1/10/19/14/15/16/17/20/22/23/24///21" alphaBetaClockWiseAtomOrdering="11/12/13/17/16/15/14/8/7/6/5/4/3/2/1/10/9">bufadienolide|bufadienolid</token>
		<token value="C[C@]12CC[C@H]3[C@@H](CCC4CCCC[C@]34C)[C@H]1CC[C@@H]2[C@@H]1COC(=O)C1" labels="18/13/12/11/9/8/7/6/5/4/3/2/1/10/19/14/15/16/17/20/21//23//22" alphaBetaClockWiseAtomOrdering="11/12/13/17/16/15/14/8/7/6/5/4/3/2/1/10/9">cardanolide|cardanolid</token>
		<token value="C[C@]12CC[C@H]3[C@@H](CCC4CCCC[C@]34C)[C@H]1CC[C@@H]2C=1COC(=O)C1" labels="18/13/12/11/9/8/7/6/5/4/3/2/1/10/19/14/15/16/17/20/21//23//22" alphaBetaClockWiseAtomOrdering="11/12/13/17/16/15/14/8/7/6/5/4/3/2/1/10/9">cardenolide|cardenolid</token>

<!--not retained-->
		<token value="C[C@@]12C=CC[C@H]1[C@@H]1CC[C@H]3C[C@H](O)CC[C@]3(C)[C@H]1CC2" labels="18/13/17/16/15/14/8/7/6/5/4/3//2/1/10/19/9/11/12" alphaBetaClockWiseAtomOrdering="11/12/13/17/16/15/14/8/7/6/5/4/3/2/1/10/9">androstenol</token>
		<token value="C[C@@]12C=CC[C@H]1[C@@H]1CC[C@H]3CC(=O)CC[C@]3(C)[C@H]1CC2" labels="18/13/17/16/15/14/8/7/6/5/4/3//2/1/10/19/9/11/12" alphaBetaClockWiseAtomOrdering="11/12/13/17/16/15/14/8/7/6/5/4/3/2/1/10/9">androstenone|androstenon</token>
		<token value="C[C@@]12C=CC[C@H]1[C@@H]1CCC3=CC(=O)CC[C@]3(C)[C@H]1CC2" labels="18/13/17/16/15/14/8/7/6/5/4/3//2/1/10/19/9/11/12" alphaBetaClockWiseAtomOrdering="11/12/13/17/16/15/14/8/7/6/5/4/3/2/1/10/9">androstadienone|androstadienon</token>
		<token value="C[C@@]12[C@@H](O)CC[C@H]1[C@@H]1CC[C@H]3CC(O)CC[C@]3(C)[C@H]1CC2" labels="18/13/17//16/15/14/8/7/6/5/4/3//2/1/10/19/9/11/12" alphaBetaClockWiseAtomOrdering="11/12/13/17/16/15/14/8/7/6/5/4/3/2/1/10/9">androstanediol</token>
		<token value="C[C@@]12[C@@H](O)CC[C@H]1[C@@H]1CCC3C[C@@H](O)CC[C@]3(C)[C@H]1CC2" labels="18/13/17//16/15/14/8/7/6/5/4/3//2/1/10/19/9/11/12" alphaBetaClockWiseAtomOrdering="11/12/13/17/16/15/14/8/7/6/5/4/3/2/1/10/9" frontLocantsExpected="1,4,5,6,7,8,9,11,12,13,14,15" addBond="2 defaultLocant 4">androstenediol</token>
		<token value="C[C@@]12C(=O)CC[C@H]1[C@@H]1CCC3CC(=O)CC[C@]3(C)[C@H]1CC2" labels="18/13/17//16/15/14/8/7/6/5/4/3//2/1/10/19/9/11/12" alphaBetaClockWiseAtomOrdering="11/12/13/17/16/15/14/8/7/6/5/4/3/2/1/10/9" frontLocantsExpected="1,4,5,6,7,8,9,11,12,13,14,15" addBond="2 locant 4">androstenedione|androstenedion</token>
		<token value="CC(C)[C@H](C)CC[C@@H](C)[C@H]1CC[C@H]2[C@@H]3CC[C@H]4C[C@@H](O)CC[C@]4(C)[C@H]3CC[C@]12C" labels="26/25/27/24/28/23/22/20/21/17/16/15/14/8/7/6/5/4/3//2/1/10/19/9/11/12/13/18" alphaBetaClockWiseAtomOrdering="11/12/13/17/16/15/14/8/7/6/5/4/3/2/1/10/9">campestanol</token>
		<token value="CC(C)CCC[C@@H](C)[C@H]1CC[C@H]2[C@@H]3CC=C4C[C@@H](O)CC[C@]4(C)[C@H]3CC[C@]12C" labels="26/25/27/24/23/22/20/21/17/16/15/14/8/7/6/5/4/3//2/1/10/19/9/11/12/13/18" alphaBetaClockWiseAtomOrdering="11/12/13/17/16/15/14/8/7/6/5/4/3/2/1/10/9">cholesterol</token>
		<token value="c1cc(OC)c5c2[C@@]34[C@@H](O5)[C@@H](O)C=C[C@H]3[C@@H](Cc12)N(C)CC4" labels="1/2/3///4/12/13/5//6//7/8/14/9/10/11/17//16/15" alphaBetaClockWiseAtomOrdering="1/11/19/9/14/8/7/6/5/13/12/4/3/2">codeine|codein</token>
		<token value="c1cc(OC)c5c2[C@@]34[C@@H](O5)C(=O)C=C[C@H]3[C@@H](Cc12)N(C)CC4" labels="1/2/3///4/12/13/5//6//7/8/14/9/10/11/17//16/15" alphaBetaClockWiseAtomOrdering="1/11/19/9/14/8/7/6/5/13/12/4/3/2">codeinone|codeinon</token>
		<token value="c1cc(OC)c5c2[C@@]34[C@@H](O5)[C@@H](O)CC[C@H]3[C@@H](Cc12)N(C)CC4" labels="1/2/3///4/12/13/5//6//7/8/14/9/10/11/17//16/15" alphaBetaClockWiseAtomOrdering="1/11/19/9/14/8/7/6/5/13/12/4/3/2">dihydrocodeine|dihydrocodein</token>
		<token value="c1cc(OC)c5c2[C@@]34[C@@H](O5)C(=O)CC[C@H]3[C@@H](Cc12)N(C)CC4" labels="1/2/3///4/12/13/5//6//7/8/14/9/10/11/17//16/15" alphaBetaClockWiseAtomOrdering="1/11/19/9/14/8/7/6/5/13/12/4/3/2">hydrocodone|hydrocodon|dihydrocodeinone|dihydrocodeinon</token>
		<token value="c1cc(OC)c5c2[C@@]34[C@@H](O5)C(=O)CC[C@](O)3[C@@H](Cc12)N(C)CC4" labels="1/2/3///4/12/13/5//6//7/8/14//9/10/11/17//16/15" alphaBetaClockWiseAtomOrdering="1/11/19/9/14/8/7/6/5/13/12/4/3/2">oxycodone|oxycodon|dihydrohydroxycodeinone|dihydrohydroxycodeinon</token>
		<token value="C[C@@]12C=CC[C@H]1[C@@H]1CCC=3C=C(O)C=CC3[C@H]1CC2" labels="18/13/17/16/15/14/8/7/6/5/4/3//2/1/10/9/11/12" alphaBetaClockWiseAtomOrdering="11/12/13/17/16/15/14/8/7/6/5/4/3/2/1/10/9">estratetraenol</token>
		<token value="c1cc(OC(=O)C)c5c2[C@@]34[C@@H](O5)[C@@H](OC(=O)C)C=C[C@H]3[C@@H](Cc12)N(C)CC4" labels="1/2/3/////4/12/13/5//6/////7/8/14/9/10/11/17//16/15" alphaBetaClockWiseAtomOrdering="1/11/19/9/14/8/7/6/5/13/12/4/3/2">heroin|diamorphine|diamorphin|diacetylmorphine|diacetylmorphin</token>
		<token value="c1cc(OC(=O)C)c5c2[C@@]34[C@@H](O5)[C@@H](OC(=O)C)CC[C@H]3[C@@H](Cc12)N(C)CC4" labels="1/2/3/////4/12/13/5//6/////7/8/14/9/10/11/17//16/15" alphaBetaClockWiseAtomOrdering="1/11/19/9/14/8/7/6/5/13/12/4/3/2">dihydroheroin|diacetyldihydromorphine|diacetyldihydromorphin</token>
		<token value="c1cc(O)c5c2[C@@]34[C@@H](O5)[C@@H](O)C=C[C@H]3[C@@H](Cc12)N(C)CC4" labels="1/2/3//4/12/13/5//6//7/8/14/9/10/11/17//16/15" alphaBetaClockWiseAtomOrdering="1/11/19/9/14/8/7/6/5/13/12/4/3/2" defaultInID="4">morphine|morphin</token>
		<token value="c1cc(O)c5c2[C@@]34[C@@H](O5)C(=O)C=C[C@H]3[C@@H](Cc12)N(C)CC4" labels="1/2/3//4/12/13/5//6//7/8/14/9/10/11/17//16/15" alphaBetaClockWiseAtomOrdering="1/11/19/9/14/8/7/6/5/13/12/4/3/2" defaultInID="4">morphinone|morphinon</token>
		<token value="c1cc(O)c5c2[C@@]34[C@@H](O5)[C@@H](O)CC[C@H]3[C@@H](Cc12)N(C)CC4" labels="1/2/3//4/12/13/5//6//7/8/14/9/10/11/17//16/15" alphaBetaClockWiseAtomOrdering="1/11/19/9/14/8/7/6/5/13/12/4/3/2" defaultInID="4">dihydromorphine|dihydromorphin</token>
		<token value="c1cc(O)c5c2[C@@]34[C@@H](O5)C(=O)CC[C@H]3[C@@H](Cc12)N(C)CC4" labels="1/2/3//4/12/13/5//6//7/8/14/9/10/11/17//16/15" alphaBetaClockWiseAtomOrdering="1/11/19/9/14/8/7/6/5/13/12/4/3/2" defaultInID="4">hydromorphone|hydromorphon|dihydromorphinone|dihydromorphinon</token>
	</tokenList>

	<tokenList tagname="group" type="ring" subType="biochemical" symbol="z">
<!--alkaloids-->
		<token value="c1ccc2CCN(C)C3Cc4ccccc4c1c23" labels="1/2/3/3a/4/5/6/12/6a/7/7a/8/9/10/11/11a/11b/11c" alphaBetaClockWiseAtomOrdering="1/2/3/3a/4/5/6/6a/7/7a/8/9/10/11/11a/11b">aporphin</token>
		<token value="c1cccc2CCN3Cc4ccccc4CC3c12" labels="1/2/3/4/4a/5/6/7/8/8a/9/10/11/12/12a/13/13a/13b" alphaBetaClockWiseAtomOrdering="1/2/3/4/4a/5/6/7/8/8a/9/10/11/12/12a/13/13a/13b">berbin</token>
		<token value="C1CN[C@@H]2Cc3c[nH]c4cccc([C@H]2C1)c34" labels="8/7/6/5/4/3/2/1/15/14/13/12/11/10/9/16" alphaBetaClockWiseAtomOrdering="1/15/14/13/12/11/10/9/8/7/6/5/4/3/2">ergolin</token>

<!--terpenes-->
		<token value="C12C3=CCC4C156.C24.C5.C6.C3" labels="numeric">alpha-pinen</token>
		<token value="[C@@H]12C3=CC[C@H]4C156.C24.C5.C6.C3" labels="numeric">(+)-alpha-pinen</token>
		<token value="[C@H]12C3=CC[C@@H]4C156.C24.C5.C6.C3" labels="numeric">(-)-alpha-pinen</token>
		<token value="C12C=3CCC4C156.C24.C5.C6.C3" labels="numeric">beta-pinen</token>
		<token value="[C@@H]12C=3CC[C@H]4C156.C24.C5.C6.C3" labels="numeric">(+)-beta-pinen</token>
		<token value="[C@H]12C=3CC[C@@H]4C156.C24.C5.C6.C3" labels="numeric">(-)-beta-pinen</token>
		<token value="CC1=CC=C(C(C)C)CC1" labels="none">alpha-terpinen</token>
		<token value="C=C1CC=C(C(C)C)CC1" labels="none">beta-terpinen</token>
		<token value="CC=1CC=C(C(C)C)CC1" labels="none">gamma-terpinen</token>
		<token value="CC1=CCC(=C(C)C)CC1" labels="none">delta-terpinen|terpinolen</token>

<!--systematic carotenes, some also have trivial names-->
		<token value="C[C@@]1(C)CCCC(C)=C1/C=C/C(C)=C/C=C/C(C)=C/C=C/C=C(C)/C=C/C=C(C)/C=C/C2=C(C)CCC[C@]2(C)C" labels="16/1/17/2/3/4/5/18/6/7/8/9/19/10/11/12/13/20/14/15/15'/14'/13'/20'/12'/11'/10'/9'/19'/8'/7'/6'/5'/18'/4'/3'/2/1'/17'/16'">beta,beta-caroten|beta-caroten|all-trans-beta-caroten</token>
		<token value="C[C@@]1(C)CCCC(C)=C1/C=C/C(C)=C/C=C/C(C)=C/C=C/C=C(C)/C=C/C=C(C)/C=C/C2C(=C)CCC[C@]2(C)C" labels="16/1/17/2/3/4/5/18/6/7/8/9/19/10/11/12/13/20/14/15/15'/14'/13'/20'/12'/11'/10'/9'/19'/8'/7'/6'/5'/18'/4'/3'/2/1'/17'/16'">beta,gamma-caroten</token>
		<token value="C[C@@]1(C)CCCC(C)=C1/C=C/C(C)=C/C=C/C(C)=C/C=C/C=C(C)/C=C/C=C(C)/C=C/C2C(C)=CCC[C@]2(C)C" labels="16/1/17/2/3/4/5/18/6/7/8/9/19/10/11/12/13/20/14/15/15'/14'/13'/20'/12'/11'/10'/9'/19'/8'/7'/6'/5'/18'/4'/3'/2/1'/17'/16'">beta,epsilon-caroten|alpha-caroten|all-trans-alpha-caroten</token>
		<token value="C[C@@]1(C)CCCC(C)=C1/C=C/C(C)=C/C=C/C(C)=C/C=C/C=C(C)/C=C/C=C(C)/C=C/CC2(C)CCC[C@]2(C)C" labels="16/1/17/2/3/4/5/18/6/7/8/9/19/10/11/12/13/20/14/15/15'/14'/13'/20'/12'/11'/10'/9'/19'/8'/7'/6'/5'/18'/4'/3'/2/1'/17'/16'">beta,kappa-caroten</token>
		<token value="C[C@@]1(C)CCCC(C)=C1/C=C/C(C)=C/C=C/C(C)=C/C=C/C=C(C)/C=C/C=C(C)/C=C/c2c(C)ccc(C)c2C" labels="16/1/17/2/3/4/5/18/6/7/8/9/19/10/11/12/13/20/14/15/15'/14'/13'/20'/12'/11'/10'/9'/19'/8'/7'/6'/5'/18'/4'/3'/2/17'/1'/16'">beta,phi-caroten</token>
		<token value="C[C@@]1(C)CCCC(C)=C1/C=C/C(C)=C/C=C/C(C)=C/C=C/C=C(C)/C=C/C=C(C)/C=C/c2ccc(C)c(C)c2C" labels="16/1/17/2/3/4/5/18/6/7/8/9/19/10/11/12/13/20/14/15/15'/14'/13'/20'/12'/11'/10'/9'/19'/8'/7'/6'/5'/4'/3'/18'/2/17'/1'/16'">beta,chi-caroten</token>
		<token value="C[C@@]1(C)CCCC(C)=C1/C=C/C(C)=C/C=C/C(C)=C/C=C/C=C(C)/C=C/C=C(C)/C=C/C=C(C)/CC/C=C(C)/C" labels="16/1/17/2/3/4/5/18/6/7/8/9/19/10/11/12/13/20/14/15/15'/14'/13'/20'/12'/11'/10'/9'/19'/8'/7'/6'/5'/18'/4'/3'/2/1'/17'/16'">beta,psi-caroten|gamma-caroten|all-trans-gamma-caroten</token>

		<token value="C[C@@]1(C)CCCC(=C)C1/C=C/C(C)=C/C=C/C(C)=C/C=C/C=C(C)/C=C/C=C(C)/C=C/C2C(=C)CCC[C@]2(C)C" labels="16/1/17/2/3/4/5/18/6/7/8/9/19/10/11/12/13/20/14/15/15'/14'/13'/20'/12'/11'/10'/9'/19'/8'/7'/6'/5'/18'/4'/3'/2/1'/17'/16'">gamma,gamma-caroten</token>
		<token value="C[C@@]1(C)CCCC(=C)C1/C=C/C(C)=C/C=C/C(C)=C/C=C/C=C(C)/C=C/C=C(C)/C=C/C2C(C)=CCC[C@]2(C)C" labels="16/1/17/2/3/4/5/18/6/7/8/9/19/10/11/12/13/20/14/15/15'/14'/13'/20'/12'/11'/10'/9'/19'/8'/7'/6'/5'/18'/4'/3'/2/1'/17'/16'">gamma,epsilon-caroten</token>
		<token value="C[C@@]1(C)CCCC(=C)C1/C=C/C(C)=C/C=C/C(C)=C/C=C/C=C(C)/C=C/C=C(C)/C=C/CC2(C)CCC[C@]2(C)C" labels="16/1/17/2/3/4/5/18/6/7/8/9/19/10/11/12/13/20/14/15/15'/14'/13'/20'/12'/11'/10'/9'/19'/8'/7'/6'/5'/18'/4'/3'/2/1'/17'/16'">gamma,kappa-caroten</token>
		<token value="C[C@@]1(C)CCCC(=C)C1/C=C/C(C)=C/C=C/C(C)=C/C=C/C=C(C)/C=C/C=C(C)/C=C/c2c(C)ccc(C)c2C" labels="16/1/17/2/3/4/5/18/6/7/8/9/19/10/11/12/13/20/14/15/15'/14'/13'/20'/12'/11'/10'/9'/19'/8'/7'/6'/5'/18'/4'/3'/2/17'/1'/16'">gamma,phi-caroten</token>
		<token value="C[C@@]1(C)CCCC(=C)C1/C=C/C(C)=C/C=C/C(C)=C/C=C/C=C(C)/C=C/C=C(C)/C=C/c2ccc(C)c(C)c2C" labels="16/1/17/2/3/4/5/18/6/7/8/9/19/10/11/12/13/20/14/15/15'/14'/13'/20'/12'/11'/10'/9'/19'/8'/7'/6'/5'/4'/3'/18'/2/17'/1'/16'">gamma,chi-caroten</token>
		<token value="C[C@@]1(C)CCCC(=C)C1/C=C/C(C)=C/C=C/C(C)=C/C=C/C=C(C)/C=C/C=C(C)/C=C/C=C(C)/CC/C=C(C)/C" labels="16/1/17/2/3/4/5/18/6/7/8/9/19/10/11/12/13/20/14/15/15'/14'/13'/20'/12'/11'/10'/9'/19'/8'/7'/6'/5'/18'/4'/3'/2/1'/17'/16'">gamma,psi-caroten</token>

		<token value="C[C@@]1(C)CCC=C(C)C1/C=C/C(C)=C/C=C/C(C)=C/C=C/C=C(C)/C=C/C=C(C)/C=C/C2C(C)=CCC[C@]2(C)C" labels="16/1/17/2/3/4/5/18/6/7/8/9/19/10/11/12/13/20/14/15/15'/14'/13'/20'/12'/11'/10'/9'/19'/8'/7'/6'/5'/18'/4'/3'/2/1'/17'/16'">epsilon,epsilon-caroten|epsilon-caroten|all-trans-epsilon-caroten</token>
		<token value="C[C@@]1(C)CCC=C(C)C1/C=C/C(C)=C/C=C/C(C)=C/C=C/C=C(C)/C=C/C=C(C)/C=C/CC2(C)CCC[C@]2(C)C" labels="16/1/17/2/3/4/5/18/6/7/8/9/19/10/11/12/13/20/14/15/15'/14'/13'/20'/12'/11'/10'/9'/19'/8'/7'/6'/5'/18'/4'/3'/2/1'/17'/16'">epsilon,kappa-caroten</token>
		<token value="C[C@@]1(C)CCC=C(C)C1/C=C/C(C)=C/C=C/C(C)=C/C=C/C=C(C)/C=C/C=C(C)/C=C/c2c(C)ccc(C)c2C" labels="16/1/17/2/3/4/5/18/6/7/8/9/19/10/11/12/13/20/14/15/15'/14'/13'/20'/12'/11'/10'/9'/19'/8'/7'/6'/5'/18'/4'/3'/2/17'/1'/16'">epsilon,phi-caroten</token>
		<token value="C[C@@]1(C)CCC=C(C)C1/C=C/C(C)=C/C=C/C(C)=C/C=C/C=C(C)/C=C/C=C(C)/C=C/c2ccc(C)c(C)c2C" labels="16/1/17/2/3/4/5/18/6/7/8/9/19/10/11/12/13/20/14/15/15'/14'/13'/20'/12'/11'/10'/9'/19'/8'/7'/6'/5'/4'/3'/18'/2/17'/1'/16'">epsilon,chi-caroten</token>
		<token value="C[C@@]1(C)CCC=C(C)C1/C=C/C(C)=C/C=C/C(C)=C/C=C/C=C(C)/C=C/C=C(C)/C=C/C=C(C)/CC/C=C(C)/C" labels="16/1/17/2/3/4/5/18/6/7/8/9/19/10/11/12/13/20/14/15/15'/14'/13'/20'/12'/11'/10'/9'/19'/8'/7'/6'/5'/18'/4'/3'/2/1'/17'/16'">epsilon,psi-caroten|delta-caroten|all-trans-delta-caroten</token>

		<token value="C[C@@]1(C)CCCC1(C)C/C=C/C(C)=C/C=C/C(C)=C/C=C/C=C(C)/C=C/C=C(C)/C=C/CC2(C)CCC[C@]2(C)C" labels="16/1/17/2/3/4/5/18/6/7/8/9/19/10/11/12/13/20/14/15/15'/14'/13'/20'/12'/11'/10'/9'/19'/8'/7'/6'/5'/18'/4'/3'/2/1'/17'/16'">kappa,kappa-caroten</token>
		<token value="C[C@@]1(C)CCCC1(C)C/C=C/C(C)=C/C=C/C(C)=C/C=C/C=C(C)/C=C/C=C(C)/C=C/c2c(C)ccc(C)c2C" labels="16/1/17/2/3/4/5/18/6/7/8/9/19/10/11/12/13/20/14/15/15'/14'/13'/20'/12'/11'/10'/9'/19'/8'/7'/6'/5'/18'/4'/3'/2/17'/1'/16'">kappa,phi-caroten</token>
		<token value="C[C@@]1(C)CCCC1(C)C/C=C/C(C)=C/C=C/C(C)=C/C=C/C=C(C)/C=C/C=C(C)/C=C/c2ccc(C)c(C)c2C" labels="16/1/17/2/3/4/5/18/6/7/8/9/19/10/11/12/13/20/14/15/15'/14'/13'/20'/12'/11'/10'/9'/19'/8'/7'/6'/5'/4'/3'/18'/2/17'/1'/16'">kappa,chi-caroten</token>
		<token value="C[C@@]1(C)CCCC1(C)C/C=C/C(C)=C/C=C/C(C)=C/C=C/C=C(C)/C=C/C=C(C)/C=C/C=C(C)/CC/C=C(C)/C" labels="16/1/17/2/3/4/5/18/6/7/8/9/19/10/11/12/13/20/14/15/15'/14'/13'/20'/12'/11'/10'/9'/19'/8'/7'/6'/5'/18'/4'/3'/2/1'/17'/16'">kappa,psi-caroten</token>

		<token value="Cc1c(C)ccc(C)c1/C=C/C(C)=C/C=C/C(C)=C/C=C/C=C(C)/C=C/C=C(C)/C=C/c2c(C)ccc(C)c2C" labels="16/1/2/17/3/4/5/18/6/7/8/9/19/10/11/12/13/20/14/15/15'/14'/13'/20'/12'/11'/10'/9'/19'/8'/7'/6'/5'/18'/4'/3'/2/17'/1'/16'">phi,phi-caroten|isorenieraten|all-trans-isorenieraten</token>
		<token value="Cc1c(C)ccc(C)c1/C=C/C(C)=C/C=C/C(C)=C/C=C/C=C(C)/C=C/C=C(C)/C=C/c2ccc(C)c(C)c2C" labels="16/1/2/17/3/4/5/18/6/7/8/9/19/10/11/12/13/20/14/15/15'/14'/13'/20'/12'/11'/10'/9'/19'/8'/7'/6'/5'/4'/3'/18'/2/17'/1'/16'">phi,chi-caroten</token>
		<token value="Cc1c(C)ccc(C)c1/C=C/C(C)=C/C=C/C(C)=C/C=C/C=C(C)/C=C/C=C(C)/C=C/C=C(C)/CC/C=C(C)/C" labels="16/1/2/17/3/4/5/18/6/7/8/9/19/10/11/12/13/20/14/15/15'/14'/13'/20'/12'/11'/10'/9'/19'/8'/7'/6'/5'/18'/4'/3'/2/1'/17'/16'">phi,psi-caroten</token>

		<token value="Cc1c(C)c(C)ccc1/C=C/C(C)=C/C=C/C(C)=C/C=C/C=C(C)/C=C/C=C(C)/C=C/c2ccc(C)c(C)c2C" labels="16/1/2/17/3/18/4/5/6/7/8/9/19/10/11/12/13/20/14/15/15'/14'/13'/20'/12'/11'/10'/9'/19'/8'/7'/6'/5'/4'/3'/18'/2/17'/1'/16'">chi,chi-caroten|renierapurpurin|all-trans-renierapurpurin</token>
		<token value="Cc1c(C)c(C)ccc1/C=C/C(C)=C/C=C/C(C)=C/C=C/C=C(C)/C=C/C=C(C)/C=C/C=C(C)/CC/C=C(C)/C" labels="16/1/2/17/3/18/4/5/6/7/8/9/19/10/11/12/13/20/14/15/15'/14'/13'/20'/12'/11'/10'/9'/19'/8'/7'/6'/5'/18'/4'/3'/2/1'/17'/16'">chi,psi-caroten</token>

		<token value="C/C(C)=C/CC/C(C)=C/C=C/C(C)=C/C=C/C(C)=C/C=C/C=C(C)/C=C/C=C(C)/C=C/C=C(C)/CC/C=C(C)/C" labels="16/1/17/2/3/4/5/18/6/7/8/9/19/10/11/12/13/20/14/15/15'/14'/13'/20'/12'/11'/10'/9'/19'/8'/7'/6'/5'/18'/4'/3'/2/1'/17'/16'">psi,psi-caroten|lycopen|all-trans-lycopen</token>
<!--trivial carotenoids-->
		<token value="C/C(C)=C/CC/C(C)=C/CC/C(C)=C/C=C/C(C)=C/C=C/C=C(C)/C=C/C=C(C)/C=C/C=C(C)/CC/C=C(C)/C" labels="16/1/17/2/3/4/5/18/6/7/8/9/19/10/11/12/13/20/14/15/15'/14'/13'/20'/12'/11'/10'/9'/19'/8'/7'/6'/5'/18'/4'/3'/2/1'/17'/16'">neurosporen|all-trans-neurosporen</token>
		<token value="C/C(C)=C/CC/C(C)=C/CC/C(C)=C/C=C/C(C)=C/C=C/C=C(C)/C=C/C=C(C)/CC/C=C(C)/CC/C=C(C)/C" labels="16/1/17/2/3/4/5/18/6/7/8/9/19/10/11/12/13/20/14/15/15'/14'/13'/20'/12'/11'/10'/9'/19'/8'/7'/6'/5'/18'/4'/3'/2/1'/17'/16'">zeta-caroten|all-trans-zeta-caroten</token>

<!--misc-->
		<token value="S1CCCN2[C@H]1CC2=O" labels="1/2/3/4/5/6/7/8/" alphaBetaClockWiseAtomOrdering="1/2/3/4/5/8/7/6">cepham</token>
		<token value="S1CCCN2[C@H]1CC2=O" labels="1/2/3/4/5/6/7/8/" alphaBetaClockWiseAtomOrdering="1/2/3/4/5/8/7/6" addBond="2 defaultLocant 3" frontLocantsExpected="2,3">cephem</token>
		<token value="S1C=CCN2[C@H]1CC2=O" labels="1/2/3/4/5/6/7/8/" alphaBetaClockWiseAtomOrdering="1/2/3/4/5/8/7/6">ceph-2-em</token>
		<token value="S1CC=CN2[C@H]1CC2=O" labels="1/2/3/4/5/6/7/8/" alphaBetaClockWiseAtomOrdering="1/2/3/4/5/8/7/6">ceph-3-em</token>
		<token value="S1CCN2[C@H]1CC2=O" labels="1/2/3/4/5/6/7/" alphaBetaClockWiseAtomOrdering="1/2/3/4/7/6/5">penam</token>
		<token value="S1CCN2[C@H]1CC2=O" labels="1/2/3/4/5/6/7/" alphaBetaClockWiseAtomOrdering="1/2/3/4/7/6/5" addBond="2 locant 2" frontLocantsExpected="1,2">penem</token><!--in carbapenems a double bond can be placed at locant 1-->
		<token value="S1C=CN2[C@H]1CC2=O" labels="1/2/3/4/5/6/7/" alphaBetaClockWiseAtomOrdering="1/2/3/4/7/6/5">pen-2-em</token>
		<token value="C1=CCN2[C@H]1CC2=O" labels="1/2/3/4/5/6/7/" alphaBetaClockWiseAtomOrdering="1/2/3/4/7/6/5">1-carbapen-1-em|1-carba-pen-1-em|carbapen-1-em|carba-pen-1-em</token>
	</tokenList>

	<tokenList tagname="group" type="aminoAcid" subType="biochemical" symbol="Þ">
		<token value="OC(=O)[C@H]1CN(C)[C@@H]2Cc3c[nH]c4cccc(C2=C1)c34" labels="///8/7/6//5/4/3/2/1/15/14/13/12/11/10/9/16" functionalIDs="1" alphaBetaClockWiseAtomOrdering="1/15/14/13/12/11/10/9/8/7/6/5/4/3/2" naturalEntIsOpposite="yes">lysergic acid</token>
		<token value="OC(=O)[C@@H]1CN(C)[C@@H]2Cc3c[nH]c4cccc(C2=C1)c34" labels="///8/7/6//5/4/3/2/1/15/14/13/12/11/10/9/16" functionalIDs="1" alphaBetaClockWiseAtomOrdering="1/15/14/13/12/11/10/9/8/7/6/5/4/3/2" naturalEntIsOpposite="yes">isolysergic acid</token>
		<token value="[O-]C(=O)[C@H]1CN(C)[C@@H]2Cc3c[nH]c4cccc(C2=C1)c34" labels="///8/7/6//5/4/3/2/1/15/14/13/12/11/10/9/16" functionalIDs="1" alphaBetaClockWiseAtomOrdering="1/15/14/13/12/11/10/9/8/7/6/5/4/3/2" naturalEntIsOpposite="yes">lysergate|lysergat</token>
		<token value="[O-]C(=O)[C@@H]1CN(C)[C@@H]2Cc3c[nH]c4cccc(C2=C1)c34" labels="///8/7/6//5/4/3/2/1/15/14/13/12/11/10/9/16" functionalIDs="1" alphaBetaClockWiseAtomOrdering="1/15/14/13/12/11/10/9/8/7/6/5/4/3/2" naturalEntIsOpposite="yes">isolysergate|isolysergat</token>
		<token value="NC(=O)[C@H]1CN(C)[C@@H]2Cc3c[nH]c4cccc(C2=C1)c34" labels="///8/7/6//5/4/3/2/1/15/14/13/12/11/10/9/16" functionalIDs="1" alphaBetaClockWiseAtomOrdering="1/15/14/13/12/11/10/9/8/7/6/5/4/3/2" naturalEntIsOpposite="yes">lysergamide|lysergamid</token>
		<token value="NC(=O)[C@@H]1CN(C)[C@@H]2Cc3c[nH]c4cccc(C2=C1)c34" labels="///8/7/6//5/4/3/2/1/15/14/13/12/11/10/9/16" functionalIDs="1" alphaBetaClockWiseAtomOrdering="1/15/14/13/12/11/10/9/8/7/6/5/4/3/2" naturalEntIsOpposite="yes">isolysergamide|isolysergamid</token>
		<token value="OC[C@H]1CN(C)[C@@H]2Cc3c[nH]c4cccc(C2=C1)c34" labels="//8/7/6//5/4/3/2/1/15/14/13/12/11/10/9/16" alphaBetaClockWiseAtomOrdering="1/15/14/13/12/11/10/9/8/7/6/5/4/3/2" naturalEntIsOpposite="yes">lysergol</token>
		<token value="OC[C@@H]1CN(C)[C@@H]2Cc3c[nH]c4cccc(C2=C1)c34" labels="//8/7/6//5/4/3/2/1/15/14/13/12/11/10/9/16" alphaBetaClockWiseAtomOrdering="1/15/14/13/12/11/10/9/8/7/6/5/4/3/2" naturalEntIsOpposite="yes">isolysergol</token>
	</tokenList>
</tokenLists>
