<!DOCTYPE tokenLists SYSTEM "tokenLists.dtd">
<!--The same as arylGroups except these cannot have suffixes. Or if you like the same as simpleGroups except they can accept indicated hydrogen-->
<tokenLists>
	<tokenList tagname="group" type="ring" subType="simpleGroup" symbol="¾">
		<token value="N1NC(=O)C=C1" labels="1/2/3//4/5">3-pyrazolone|3-pyrazolon</token>
		<token value="N1N=CC(=O)C1" labels="1/2/3/4//5">4-pyrazolone|4-pyrazolon</token>
		<token value="N1N=CCC1=O" labels="1/2/3/4/5/">5-pyrazolone|5-pyrazolon</token>
		<token value="C/C=C/C1=C(OC)C=C(OC)C(OC)=C1">alpha-asarone|alpha-asaron</token>
		<token value="C/C=C\C1=C(OC)C=C(OC)C(OC)=C1">beta-asarone|beta-asaron</token>
		<token value="o1cccc1C(=O)C(=O)c2ccco2" labels="1/2/3/4/5/////2'/3'/4'/5'/1'">alpha-furil|2,2'-furil</token>
		<token value="o1cccc1C(=O)C(O)c2ccco2" labels="1/2/3/4/5///alpha//2'/3'/4'/5'/1'">2,2'-furoin</token>
		<token value="C[C@@]1([C@H]2[C@@](CCC1)(C)[C@H]3CCC(C(C)C)=CC3=CC2)C(=O)N">abietamide|abietamid</token>
		<token value="CC(=O)c1cc(OC)c(O)cc1" labels="///1/2/3///4//5/6">acetovanillone|acetovanillon</token>
		<token value="OCc1ccc(OC)cc1">anise alcohol</token>
		<token value="c1(ccc(OC)cc1)C(=O)C(=O)c2ccc(OC)cc2" labels="1/2/3/4///5/6/////1'/2'/3'/4'///5'/6'">anisil|p-anisil</token>
		<token value="c1(ccc(OC)cc1)C(=O)C(O)c2ccc(OC)cc2" labels="1/2/3/4///5/6///alpha//1'/2'/3'/4'///5'/6'">anisoin|p-anisoin</token>
		<token value="c1(=O)c(=O)ccc2cc3ccccc3cc12" labels="1//2//3/4/4a/10/10a/5/6/7/8/8a/9/9a">anthra-1,2-quinone|anthra-1,2-quinon</token>
		<token value="c1(=O)ccc(=O)c2cc3ccccc3cc12" labels="1//2/3/4//4a/10/10a/5/6/7/8/8a/9/9a">anthra-1,4-quinone|anthra-1,4-quinon</token>
		<token value="c1cccc2c(=O)c3ccccc3c(=O)c12" labels="1/2/3/4/4a/10//10a/5/6/7/8/8a/9//9a">anthra-9,10-quinone|anthra-9,10-quinon</token>
		<token value="n1occ2ccccc12" labels="1/2/3/3a/4/5/6/7/7a">anthranil</token>
		<token value="CC(=O)c1cc(OC)c(O)cc1" labels="///1/2/3///4//5/6">apocynin</token>
		<token value="N1C(=O)NC(=O)CC(=O)1" labels="1/2//3/4//5/6/" defaultInLocant="5">barbituric|barbituricacid|barbituric acid</token>
		<token value="c1(ccccc1)C(=O)C(=O)c2ccccc2" labels="1/2,ortho/3,meta/4,para/5/6/////1'/2'/3'/4'/5'/6'">benzil</token>
		<token value="c1(=O)c(=O)cccc1" labels="1//2,ortho//3,meta/4,para/5/6">benzo-1,2-quinone|benzo-1,2-quinon</token>
		<token value="c1(=O)ccc(=O)cc1" labels="1//2,ortho/3,meta/4,para//5/6">benzo-1,4-quinone|benzo-1,4-quinon</token>
		<token value="c1ccccc1" labels="1/2,ortho/3,meta/4,para/5/6">benzol</token>
		<token value="c1(ccccc1)C(O)(c2ccccc2)C(O)(c3ccccc3)c4ccccc4" labels="1/2/3/4/5/6///1'/2'/3'/4'/5'/6'///1''/2''/3''/4''/5''/6''/1'''/2'''/3'''/4'''/5'''/6'''">benzopinacol</token>
		<token value="c1(ccccc1)C(c2ccccc2)(c3ccccc3)C(=O)c4ccccc4">benzopinacolone|benzopinacolon</token>
		<token value="c1ccccc1" labels="1/2,ortho/3,meta/4,para/5/6" addGroup="[O|1] locant 1;O locant 4" frontLocantsExpected="1,2,ortho,3,meta,4,para,5,6">benzosemiquinone|benzosemiquinon</token>
		<token value="Oc1ccc(cc1)C(C)(C)c2ccc(cc2)O">bisphenol a|bisphenol-a</token>
		<token value="O=Cc1cc(OCC)c(O)cc1" labels="//1/2/3////4//5/6">bourbonal</token>
		<token value="c1c(O)c(C)ccc1C(C)C">carvacrol</token>
		<token value="c1([O-])c([O-])cccc1" labels="1//2,ortho//3,meta/4,para/5/6" defaultInLocant="3">catecholate|catecholat</token>
		<token value="c1(ccc(CC=C)cc1)O">chavicol</token>
		<token value="OC/C=C/c1cc(OC)c(O)cc1">coniferol</token>
		<token value="c1(c(OC)cc(C)cc1)O">creosol</token>
		<token value="O=Cc1ccc(C(C)C)cc1" labels="//1/2/3/4////5/6">cumaldehyde|cumaldehyd</token>
		<token value="OC(=O)c1ccc(C(C)C)cc1" labels="///1/2/3/4////5/6" functionalIDs="1">cuminic acid|cuminicacid|cumic acid|cumicacid</token>
		<token value="O=Cc1ccc(C(C)C)cc1" labels="//1/2/3/4////5/6">cuminal|cuminaldehyde|cuminaldehyd</token>
		<token value="OCc1ccc(C(C)C)cc1" labels="//1/2/3/4////5/6">cuminol</token>
		<token value="COc1cc(ccc1O)\C=C\C(=O)CC(=O)\C=C\c1ccc(O)c(OC)c1">curcumin</token>
		<token value="n1c(N)nc(N)nc1N" labels="1/2/N/3/4/N'/5/6/N''">cyanuramide|cyanurotriamide|cyanurotriamine|cyanuramid|cyanurotriamid|cyanurotriamin</token>
		<token value="n1c(Br)nc(Br)nc1Br">cyanuric bromide|cyanuryl bromide|cyanuric bromid|cyanuryl bromid</token>
		<token value="n1c(Cl)nc(Cl)nc1Cl">cyanuric chloride|cyanuryl chloride|cyanuric chlorid|cyanuryl chlorid</token>
		<token value="n1c(F)nc(F)nc1F">cyanuric fluoride|cyanuryl fluoride|cyanuric fluorid|cyanuryl fluorid</token>
		<token value="n1c(I)nc(I)nc1I">cyanuric iodide|cyanuryl iodide|cyanuric iodid|cyanuryl iodid</token>
		<token value="[CH-]1C=CC=C1" labels="1/2/3/4/5">cyclopentadienide|cyclopentadienid</token><!--PIN-->
		<token value="[CH+]1C=CC=C1" labels="1/2/3/4/5">cyclopentadienylium</token><!--PIN-->
		<token value="N1=PN=PN=PN=P1" labels="1/2/3/4/5/6/7/8">cyclotetraphosphazene|cyclotetraphosphazen</token>
		<token value="N1=PN=PN=P1" labels="1/2/3/4/5/6">cyclotriphosphazene|cyclotriphosphazen</token>
		<token value="c1ccccc1C(=O)NC(=O)c2ccccc2" functionalIDs="9">dibenzamide|dibenzamid</token>
		<token value="c1(c(C(=O)[O-])cccc1)c2c(C(=O)[O-])cccc2" labels="1/2////3/4/5/6/1'/2'////3'/4'/5'/6'" functionalIDs="5,14">diphenate</token>
		<token value="c1(c(C(=O)O)cccc1)c2c(C(=O)O)cccc2" labels="1/2////3/4/5/6/1'/2'////3'/4'/5'/6'" functionalIDs="5,14">diphenic|diphenicacid|diphenic acid</token>
		<token value="c1(c(C)c(C)c(O)c(C)c1C)O">durohydroquinone|durohydroquinon</token>
		<token value="CC(c1ccccc1)=CC(c2ccccc2)=O">dypnone</token>
		<token value="COc1c(OC)c(OC)cc(CC=C)c1">elemicin</token>
		<token value="c1(ccc(CC=C)cc1)OC">estragole|estragol</token>
		<token value="O=Cc1cc(OCC)c(O)cc1" labels="//1/2/3////4//5/6">ethyl vanillin|ethylvanillin</token>
		<token value="O=CCc1cc(O)c(OC)cc1" labels="///1/2/3//4///5/6">homoisovanillin</token>
		<token value="O=CCc1cc(OC)c(O)cc1" labels="///1/2/3///4//5/6">homovanillin</token>
		<token value="O=CCc1c(O)c(OC)ccc1" labels="///1/2//3///4/5/6">o-homovanillin</token>
		<token value="[n-]1cncc1" labels="1/2/3/4/5">imidazolate|imidazolat</token>
		<token value="c1(c(N)cccc1)C(=O)C(=O)O" labels="1/2//3/4/5/6/////" functionalIDs="12">isatic|isaticacid|isatic acid</token>
		<token value="c1(C(=O)O)c(NC(=O)O)cccc1" labels="1////2/////3/4/5/6" functionalIDs="4,9">isatoic|isatoicacid|isatoic acid</token>
		<token value="COc1c(OC)c(OC)cc(C=CC)c1">isoelemicin</token>
		<token value="c1(c(O)ccc(C=CC)c1)OC" labels="1/2,ortho//3,meta/4,para/5////6//alpha">isoeugenol</token>
		<token value="OCc1cc(CO)ccc1" labels="//1/2,ortho/3,meta///4,para/5/6">isophthalyl alcohol</token>
		<token value="O=Cc1cc(O)c(OC)cc1" labels="//1/2/3//4///5/6">isovanillin</token>
		<!--Avoid confusion with lutidinic acid (which is implicitly 2,4)-->
		<token value="n1ccccc1" labels="1/2,ortho/3,meta/4,para/5/6" addGroup="C locant 2;C locant 6" frontLocantsExpected="2,3,4,5,6">lutidine|lutidin</token>
		<token value="n1c(N)nc(N)nc1N" labels="1/2/N/3/4/N'/5/6/N''">melamine|melamin</token>
		<token value="c1(O)ccc(O)cc1" labels="1//2,ortho/3,meta/4,para//5/6">quinol</token>
		<token value="c12cc3cc4c1.C2(=O)[O-].C3.C4" labels="1/2,ortho/3,meta/4,para/5/6/////" functionalIDs="9">mesitylenate|mesitylenat</token>
		<token value="c12cc3cc4c1.C2(=O)O.C3.C4" labels="1/2,ortho/3,meta/4,para/5/6/////" functionalIDs="9">mesitylenic|mesitylenic acid|mesitylenicacid</token>
		<token value="c1(=O)c(=O)ccc2ccccc12" labels="1//2//3/4/4a/5/6/7/8/8a">naphtho-1,2-quinone|naphtho-1,2-quinon</token>
		<token value="c1(=O)ccc(=O)c2ccccc12" labels="1//2/3/4//4a/5/6/7/8/8a">naphtho-1,4-quinone|naphtho-1,4-quinon</token>
		<token value="n1cccc(c1)C2N(C)CCC2">nicotine|nicotin</token><!--not to be confused with nicotinic acid-->
		<token value="c1(cc(O)cc(CCCCC)c1)O">olivetol</token>
		<token value="c1(cc(O)cc(C)c1)O">orcinol</token>
		<token value="c1ccccc1C(=O)O[O-]" labels="2,ortho/3,meta/4,para/5/6/1////" functionalIDs="10">perbenzoate|perbenzoat</token>
		<token value="c1ccccc1C(=O)OO" labels="2,ortho/3,meta/4,para/5/6/1////" functionalIDs="10">perbenzoic|perbenzoicacid|perbenzoic acid</token>
		<token value="OCc1c(CO)cccc1" labels="//1/2,ortho///3,meta/4,para/5/6">phthalyl alcohol</token>
		<token value="c1(ccccc1)O" labels="1/2,ortho/3,meta/4,para/5/6/">phenol</token>
		<token value="c1(ccccc1)[O-]" labels="1/2,ortho/3,meta/4,para/5/6/">phenolate|phenolat</token>
		<token value="[c+]1(ccccc1)" labels="1/2,ortho/3,meta/4,para/5/6">phenylium</token>
		<token value="Oc1ccc(CCC(=O)c2c(O)cc(O)cc2O)cc1">phloretin</token>
		<token value="c1(c(CC)cccc1)O">phlorol</token>
		<token value="c1([N+](=O)[O-])cc([N+](=O)[O-])cc([N+](=O)[O-])c1[O-]" labels="2,ortho////3,meta/4,para////5/6////1/" functionalIDs="16">picrate|picrat</token>
		<token value="c1([N+](=O)[O-])cc([N+](=O)[O-])cc([N+](=O)[O-])c1O" labels="2,ortho////3,meta/4,para////5/6////1/" functionalIDs="16">picric|picricacid|picric acid</token>
		<token value="c1(c(C)c(C)c(O)c(C)c1)O">pseudocumohydroquinone|pseudocumohydroquinon</token>
		<token value="n1c(N)[nH]c(=O)c2nccnc12" labels="1/2//3/4//4a/5/6/7/8/8a">pterin</token>
		<token value="n1c(N)[nH]c(=O)c2ncCNc12" labels="1/2//3/4//4a/5/6/7/8/8a">dihydropterin</token>
		<token value="n1c(N)[nH]c(=O)c2NCCNc12" labels="1/2//3/4//4a/5/6/7/8/8a">tetrahydropterin</token>
		<token value="c1([O-])c([O-])cccc1" labels="1//2,ortho//3,meta/4,para/5/6" defaultInLocant="3">pyrocatecholate|pyrocatecholat</token>
		<token value="n1c(C(=O)O)c(C(=O)O)ccc1" labels="1/2,ortho////3,meta////4,para/5/6" functionalIDs="5,9">quinolinic|quinolinicacid|quinolinic acid</token>
		<token value="n1c2c(=O)[nH]c(N)nc2nc(C)c1[C@@H](C)Nc1ccc(C[C@@H]([C@@H]([C@@H](CO[C@H]2O[C@H](COP(O[C@@H](CCC(O)=O)C(O)=O)(O)=O)[C@H]([C@H]2O)O)O)O)O)cc1" labels="5/4a/4//3/2//1/8a/8/7//6////////////////////////////////////////">methanopterin</token>
		<token value="N1c2c(=O)[nH]c(N)nc2N[C@@H](C)C1[C@@H](C)Nc1ccc(C[C@@H]([C@@H]([C@@H](CO[C@H]2O[C@H](COP(O[C@@H](CCC(O)=O)C(O)=O)(O)=O)[C@H]([C@H]2O)O)O)O)O)cc1" labels="5/4a/4//3/2//1/8a/8/7//6////////////////////////////////////////">tetrahydromethanopterin|5,6,7,8-tetrahydromethanopterin</token>
		<token value="c1(cc(O)cc(O)c1)C=Cc2ccc(O)cc2" labels="1/2/3//4/5//6/alpha/beta/1'/2'/3'/4'//5'/6'">resveratrol</token>
		<token value="c1(O)cc(O)ccc1" labels="1//2,ortho/3,meta//4,para/5/6">resorcin</token>
		<token value="c1(cc(O)cc(O)c1)C=Cc2cc(O)c(OC)cc2" labels="1/2/3//4/5//6/alpha/beta/1'/2'/3'//4'///5'/6'">rhapontigenin</token>
		<token value="OCc1ccccc1O">saligenin</token>
		<token value="CC/C(c1ccc(O)cc1)=C(c2ccc(O)cc2)/CC">diethylstilbestrol</token>
		<token value="c1([N+](=O)[O-])c([O-])c([N+](=O)[O-])cc([N+](=O)[O-])c1[O-]" labels="2,ortho////3,meta//4,para////5/6////1/" functionalIDs="6,17">styphnate|styphnat</token>
		<token value="c1([N+](=O)[O-])c(O)c([N+](=O)[O-])cc([N+](=O)[O-])c1O" labels="2,ortho////3,meta//4,para////5/6////1/" functionalIDs="6,17">styphnic|styphnicacid|styphnic acid</token>
		<token value="C(OC(=O)O1)C1c1ccccc1" labels="beta/////alpha/1/2,ortho/3,meta/4,para/5/6">styrene carbonate|styrene carbonat</token>
		<token value="C=Cc1ccccc1" labels="alpha/beta/1/2,ortho/3,meta/4,para/5/6">styrol</token>
		<token value="O1[N-][NH+]=CC1(=O)" labels="1/2/3/4/5/">sydnone|sydnon</token>
		<token value="OCc1ccc(CO)cc1" labels="//1/2,ortho/3,meta/4,para///5/6">terephthalyl alcohol</token>
		<token value="c1(c(C(C)C)cc(O)c(C)c1)O">thymohydroquinone|thymohydroquinon</token>
		<token value="c1c(C)ccc(C(C)C)c1O">thymol</token>
		<token value="c1(c(C)cc(O)cc1)O">toluhydroquinone|toluhydroquinon</token>
		<token value="c1(ccccc1)C" labels="1/2,ortho/3,meta/4,para/5/6/alpha">toluol</token>
		<token value="c1ccccc1C(=O)N(C(=O)c2ccccc2)C(=O)c3ccccc3">tribenzamide|tribenzamid</token>
		<token value="[nH]1c(=O)[nH]c2[nH]c(=O)[nH]c2c1=O" labels="1/2//3/4/9/8//7/5/6/">uric|uricacid|uric acid</token>
		<token value="O=Cc1cc(OC)c(O)cc1" labels="//1/2/3///4//5/6">vanillin</token>
		<token value="O=Cc1c(O)c(OC)ccc1" labels="//1/2//3///4/5/6">o-vanillin</token>
		<token value="c1ccccc1" labels="1/2,ortho/3,meta/4,para/5/6" addGroup="C defaultLocant 1 alpha;C defaultLocant 2 alpha'" frontLocantsExpected="1,2,ortho,3,meta,4,para,5,6">xylol</token>
		<token value="c1(c(C)c(C)c(O)cc1)O">o-xylohydroquinone|ortho-xylohydroquinone|o-xylohydroquinon|ortho-xylohydroquinon</token>
		<token value="c1(c(C)cc(O)cc1C)O">m-xylohydroquinone|meta-xylohydroquinone|m-xylohydroquinon|meta-xylohydroquinon</token>
		<token value="c1(c(C)cc(O)c(C)c1)O">p-xylohydroquinone|para-xylohydroquinone|p-xylohydroquinon|para-xylohydroquinon</token>
		<token value="O=C(C)CCc1cc(OC)c(O)cc1">zingerone|zingeron</token>
	</tokenList>

	<tokenList tagname="group" type="ring" subType="biochemical" symbol="¾">
		<token value="n1c(C)c(O)c(C(=O)O)c(CO)c1" labels="1/2/2'/3//4/4'///5/5'//6" functionalIDs="9">4-pyridoxic|4-pyridoxic|4-pyridoxic acid</token>
		<token value="n1c(C)c(O)c(C(=O)O2)c(C2)c1" labels="1/2/2'/3//4/4'///5/5'/6">4-pyridoxolactone|4-pyridoxolacton</token>
		<token value="n1c(C)c(O)c(CO)c(C(=O)O)c1" labels="1/2/2'/3//4/4'//5/5'///6" functionalIDs="12">5-pyridoxic|5-pyridoxic|5-pyridoxic acid</token>
		<token value="n1c(C)c(O)c(C2)c(C(=O)O2)c1" labels="1/2/2'/3//4/4'/5/5'///6">5-pyridoxolactone|5-pyridoxolacton</token>
		<token value="n1c(C)c(O)c(CO)c(C=O)c1" labels="1/2/2'/3//4/4'//5/5'//6">isopyridoxal</token>
		<token value="n1c(C)c(O)c(C=O)c(CO)c1" labels="1/2/2'/3//4/4'//5/5'//6">pyridoxal</token>
		<token value="n1c(C)c(O)c(CN)c(CO)c1" labels="1/2/2'/3//4/4'//5/5'//6">pyridoxamine|pyridoxamin</token>
		<token value="n1c(C)c(O)c(CO)c(CO)c1" labels="1/2/2'/3//4/4'//5/5'//6">pyridoxine|pyridoxin|pyridoxol</token>
		<token value="n1c(C)c(O)c(C=O)c(COP(=O)(O)O)c1" labels="1/2/2'/3//4/4'//5/5'//////6" functionalIDs="14,15">pyridoxal-p</token>
		<token value="n1c(C)c(O)c(CN)c(COP(=O)(O)O)c1" labels="1/2/2'/3//4/4'//5/5'//////6" functionalIDs="14,15">pyridoxamine-p|pyridoxamin-p</token>
		<token value="n1c(C)c(O)c(CO)c(COP(=O)(O)O)c1" labels="1/2/2'/3//4/4'//5/5'//////6" functionalIDs="14,15">pyridoxine-p|pyridoxin-p|pyridoxol-p</token>

<!--nucleotides-->
		<token value="[C@@H]1([C@H](OP(=O)(O)O)[C@H](O)[C@@H](CO)O1)n2cnc3c([nH2])ncnc23" labels="1'/2'//////3'//4'/5'///9/8/7/5/6/N/1/2/3/4" functionalIDs="6,7">2'-adenylic|2'-adenylicacid|2'-adenylic acid</token>
		<token value="[C@@H]1([C@H](O)[C@H](OP(=O)(O)O)[C@@H](CO)O1)n2cnc3c([nH2])ncnc23" labels="1'/2'//3'//////4'/5'///9/8/7/5/6/N/1/2/3/4" functionalIDs="8,9">3'-adenylic|3'-adenylicacid|3'-adenylic acid</token>
		<token value="[C@@H]1([C@H](O)[C@H](O)[C@@H](COP(=O)(O)O)O1)n2cnc3c([nH2])ncnc23" labels="1'/2'//3'//4'/5'///////9/8/7/5/6/N/1/2/3/4" functionalIDs="11,12">5'-adenylic|5'-adenylicacid|5'-adenylic acid</token>
		<token value="[C@@H]1(C[C@H](OP(=O)(O)O)[C@@H](CO)O1)n2c(=O)[nH]c(=O)c(C)c2" labels="1'/2'/3'//////4'/5'///1/2//3/4//5/alpha/6" functionalIDs="7,8">3'-thymidylic|3'-thymidylicacid|3'-thymidylic acid</token>
		<token value="[C@@H]1(C[C@H](O)[C@@H](COP(=O)(O)O)O1)n2c(=O)[nH]c(=O)c(C)c2" labels="1'/2'/3'//4'/5'///////1/2//3/4//5/alpha/6" functionalIDs="10,11">5'-thymidylic|5'-thymidylicacid|5'-thymidylic acid</token>
		<token value="[C@@H]1([C@H](OP(=O)(O)O)[C@H](O)[C@@H](CO)O1)n2cnc3c(=O)[nH]c(N)nc23" labels="1'/2'//////3'//4'/5'///9/8/7/5/6//1/2//3/4" functionalIDs="6,7">2'-guanylic|2'-guanylicacid|2'-guanylic acid</token>
		<token value="[C@@H]1([C@H](O)[C@H](OP(=O)(O)O)[C@@H](CO)O1)n2cnc3c(=O)[nH]c(N)nc23" labels="1'/2'//3'//////4'/5'///9/8/7/5/6//1/2//3/4" functionalIDs="8,9">3'-guanylic|3'-guanylicacid|3'-guanylic acid</token>
		<token value="[C@@H]1([C@H](O)[C@H](O)[C@@H](COP(=O)(O)O)O1)n2cnc3c(=O)[nH]c(N)nc23" labels="1'/2'//3'//4'/5'///////9/8/7/5/6//1/2//3/4" functionalIDs="11,12">5'-guanylic|5'-guanylicacid|5'-guanylic acid</token>
		<token value="[C@@H]1([C@H](OP(=O)(O)O)[C@H](O)[C@@H](CO)O1)n2cnc3c([oH])ncnc23" labels="1'/2'//////3'//4'/5'///9/8/7/5/6//1/2/3/4" functionalIDs="6,7">2'-inosinic|2'-inosinicacid|2'-inosinic acid</token>
		<token value="[C@@H]1([C@H](O)[C@H](OP(=O)(O)O)[C@@H](CO)O1)n2cnc3c([oH])ncnc23" labels="1'/2'//3'//////4'/5'///9/8/7/5/6//1/2/3/4" functionalIDs="8,9">3'-inosinic|3'-inosinicacid|3'-inosinic acid</token>
		<token value="[C@@H]1([C@H](O)[C@H](O)[C@@H](COP(=O)(O)O)O1)n2cnc3c([oH])ncnc23" labels="1'/2'//3'//4'/5'///////9/8/7/5/6//1/2/3/4" functionalIDs="11,12">5'-inosinic|5'-inosinicacid|5'-inosinic acid|inosinic acid</token>
		<token value="[C@@H]1([C@H](O)[C@H](O)[C@@H](COP(=O)(O)O)O1)n2cnc3c([sH])ncnc23" labels="1'/2'//3'//4'/5'///////9/8/7/5/6//1/2/3/4" functionalIDs="11,12">thioinosinic acid</token>
		<token value="[C@@H]1([C@H](OP(=O)(O)O)[C@H](O)[C@@H](CO)O1)n2cnc3c(=O)[nH]c(=O)[nH]c23" labels="1'/2'//////3'//4'/5'///9/8/7/5/6//1/2//3/4" functionalIDs="6,7">2'-xanthylic|2'-xanthylicacid|2'-xanthylic acid</token>
		<token value="[C@@H]1([C@H](O)[C@H](OP(=O)(O)O)[C@@H](CO)O1)n2cnc3c(=O)[nH]c(=O)[nH]c23" labels="1'/2'//3'//////4'/5'///9/8/7/5/6//1/2//3/4" functionalIDs="8,9">3'-xanthylic|3'-xanthylicacid|3'-xanthylic acid</token>
		<token value="[C@@H]1([C@H](O)[C@H](O)[C@@H](COP(=O)(O)O)O1)n2cnc3c(=O)[nH]c(=O)[nH]c23" labels="1'/2'//3'//4'/5'///////9/8/7/5/6//1/2//3/4" functionalIDs="11,12">5'-xanthylic|5'-xanthylicacid|5'-xanthylic acid</token>
		<token value="[C@@H]1([C@H](OP(=O)(O)O)[C@H](O)[C@@H](CO)O1)n2c(=O)nc([nH2])cc2" labels="1'/2'//////3'//4'/5'///1/2//3/4/N/5/6" functionalIDs="6,7">2'-cytidylic|2'-cytidylicacid|2'-cytidylic acid</token>
		<token value="[C@@H]1([C@H](O)[C@H](OP(=O)(O)O)[C@@H](CO)O1)n2c(=O)nc([nH2])cc2" labels="1'/2'//3'//////4'/5'///1/2//3/4/N/5/6" functionalIDs="8,9">3'-cytidylic|3'-cytidylicacid|3'-cytidylic acid</token>
		<token value="[C@@H]1([C@H](O)[C@H](O)[C@@H](COP(=O)(O)O)O1)n2c(=O)nc([nH2])cc2" labels="1'/2'//3'//4'/5'///////1/2//3/4/N/5/6" functionalIDs="11,12">5'-cytidylic|5'-cytidylicacid|5'-cytidylic acid</token>
		<token value="[C@@H]1([C@H](OP(=O)(O)O)[C@H](O)[C@@H](CO)O1)n2c(=O)[nH]c(=O)cc2" labels="1'/2'//////3'//4'/5'///1/2//3/4//5/6" functionalIDs="6,7">2'-uridylic|2'-uridylicacid|2'-uridylic acid</token>
		<token value="[C@@H]1([C@H](O)[C@H](OP(=O)(O)O)[C@@H](CO)O1)n2c(=O)[nH]c(=O)cc2" labels="1'/2'//3'//////4'/5'///1/2//3/4//5/6" functionalIDs="8,9">3'-uridylic|3'-uridylicacid|3'-uridylic acid</token>
		<token value="[C@@H]1([C@H](O)[C@H](O)[C@@H](COP(=O)(O)O)O1)n2c(=O)[nH]c(=O)cc2" labels="1'/2'//3'//4'/5'///////1/2//3/4//5/6" functionalIDs="11,12">5'-uridylic|5'-uridylicacid|5'-uridylic acid</token>
		<token value="[C@@H]1([C@H](OP(=O)(O)O)[C@H](O)[C@@H](CO)O1)n2c(=O)[nH]c(=O)cc2C(=O)O" labels="1'/2'//////3'//4'/5'///1/2//3/4//5/6///" functionalIDs="6,7">2'-orotidylic|2'-orotidylicacid|2'-orotidylic acid</token>
		<token value="[C@@H]1([C@H](O)[C@H](OP(=O)(O)O)[C@@H](CO)O1)n2c(=O)[nH]c(=O)cc2C(=O)O" labels="1'/2'//3'//////4'/5'///1/2//3/4//5/6///" functionalIDs="8,9">3'-orotidylic|3'-orotidylicacid|3'-orotidylic acid</token>
		<token value="[C@@H]1([C@H](O)[C@H](O)[C@@H](COP(=O)(O)O)O1)n2c(=O)[nH]c(=O)cc2C(=O)O" labels="1'/2'//3'//4'/5'///////1/2//3/4//5/6///" functionalIDs="11,12">5'-orotidylic|5'-orotidylicacid|5'-orotidylic acid</token>

<!--misc-->
		<token value="o1c(cc(=O)c2c(O)cc(O)cc12)c3cc(OC)c(O)cc3" labels="1/2/3/4//4a/5//6/7//8/8a/1'/2'/3'///4'//5'/6'">chrysoeriol</token>
		<token value="O1[C@@H]([C@@H](O)C(=O)c2c(O)cc(O)cc12)c3ccc(O)cc3" labels="1/2/3//4//4a/5//6/7//8/8a/1'/2'/3'/4'//5'/6'">dihydrokaempferol</token>
		<token value="o1c(c(O)c(=O)c2c(O)cc(O)cc12)c3ccc(O)cc3" labels="1/2/3//4//4a/5//6/7//8/8a/1'/2'/3'/4'//5'/6'">kaempferol</token>
	</tokenList>
</tokenLists>
