<!DOCTYPE suffixApplicability SYSTEM "suffixApplicability.dtd">
<!-- This file dictates which suffixes are applicable to the group types that OPSIN recognises.
The two most important/common types are: acidStem and standardGroup.
Other types are used under specific conditions e.g. chalcogenAcidStem, aminoAcid, carbohydrate, nonCarboxylicAcid, substituent
If a type in OPSIN corresponds to a group type then it is used:
Hence acidStem is OPSIN type acidStem
All other groups are classified as standardGroup
In some cases it is further specified that a suffix only applies to a certain subtype e.g. yl has different meanings to different acids

The value of the suffix elements corresponds to the value attribute of the suffixes in suffixes.xml/inlineSuffixes.xml whilst the text is what should be looked up in suffixRules.xml
-->
<suffixApplicability>
	<groupType type="substituent"><!--e.g. bor to boryl -->
		<suffix value="carbonyl">carbonyl</suffix>
		<suffix value="carbonimidoyl">carboximidoyl</suffix>
		<suffix value="ide">ide</suffix>
		<suffix value="ium">ium</suffix>
		<suffix value="oximino">oximino</suffix>
		<suffix value="oxy">oxy</suffix>
		<suffix value="oyl">oyl</suffix>
		<suffix value="selenenyl">selenenyl</suffix>
		<suffix value="seleninyl">seleninyl</suffix>
		<suffix value="selenonyl">selenonyl</suffix>
		<suffix value="sulfenyl">sulfenyl</suffix>
		<suffix value="sulfinyl">sulfinyl</suffix>
		<suffix value="sulfonyl">sulfonyl</suffix>
		<suffix value="tellurenyl">tellurenyl</suffix>
		<suffix value="tellurinyl">tellurinyl</suffix>
		<suffix value="telluronyl">telluronyl</suffix>
		<suffix value="uide">uide</suffix>
		<suffix value="yl">yl</suffix>
		<suffix value="ylidene">ylidene</suffix>
		<suffix value="ylidyne">ylidyne</suffix>
		<suffix value="ylium">ylium</suffix>
	</groupType>

	<groupType type="acidStem"><!--e.g. acet to acetamide -->
		<suffix value="acylium">acylium</suffix>
		<suffix value="aldehyde">aldehyde</suffix>
		<suffix value="aldoxime">aldoxime</suffix>
		<suffix value="amide">amide</suffix>
		<suffix value="amidrazone">amidrazone</suffix>
		<suffix value="amidylium">amidylium</suffix>
		<suffix value="amidine">amidine</suffix>
		<suffix value="amidinium">amidinium</suffix>
		<suffix value="amidium">amidium</suffix>
		<suffix value="amido">amido</suffix>
		<suffix value="anilide">anilide</suffix>
		<suffix value="ate">ate</suffix>
		<suffix value="hydrazide">hydrazide</suffix>
		<suffix value="hydrazido">hydrazido</suffix>
		<suffix value="hydroxamate">hydroxamate</suffix>
		<suffix value="hydroxamic">hydroxamic</suffix>
		<suffix value="ic">ic</suffix>
		<suffix value="ic_O_acid">ic_O_acid</suffix>
		<suffix value="ic_S_acid">ic_S_acid</suffix>
		<suffix value="ic_Se_acid">ic_Se_acid</suffix>
		<suffix value="ic_Te_acid">ic_Te_acid</suffix>
		<suffix value="ide">ide</suffix>
		<suffix value="imide">cyclicimide</suffix>
		<suffix value="imidium">cyclicimidium</suffix>
		<suffix value="imido">cyclicimido</suffix>
		<suffix value="imidylium">cyclicimidylium</suffix>
		<suffix value="ium">ium</suffix>
		<suffix value="lactam">lactam</suffix>
		<suffix value="lactim">lactim</suffix>
		<suffix value="lactone">lactone</suffix>
		<suffix value="nitrile">nitrile</suffix>
		<suffix value="nitrilium">nitrilium</suffix>
		<suffix value="nitrolic acid">nitrolic acid</suffix>
		<suffix value="onaphthone">onaphthone</suffix>
		<!-- one is handled by hard coding common examples of its use -->
		<suffix value="ophenone">ophenone</suffix>
		<suffix value="oximino" subType="ylForAcyl">oximino-ylForAcyl</suffix>
		<suffix value="oximino" subType="ylForYl">oximino</suffix>
		<suffix value="oxy" subType="ylForAcyl">oxy-ylForAcyl</suffix>
		<suffix value="oxy" subType="ylForYl">oxy</suffix>
		<suffix value="oyl">oyl</suffix>
		<suffix value="sultam">sultam</suffix>
		<suffix value="sultim">sultim</suffix>
		<suffix value="sultine">sultine</suffix>
		<suffix value="sultone">sultone</suffix>
		<suffix value="uide">uide</suffix>
		<suffix value="yl" subType="ylForAcyl">oyl</suffix>
		<suffix value="yl" subType="ylForYl">yl</suffix>
		<suffix value="ylidene" subType="ylForYl">ylidene</suffix>
		<suffix value="ylidyne" subType="ylForYl">ylidyne</suffix>
		<suffix value="ylidene" subType="ylForAcyl">oxoAndDiYl</suffix>
		<suffix value="ylidyne" subType="ylForAcyl">oxoAndTriYl</suffix>
		<suffix value="ylium">ylium</suffix>
	</groupType>

	<groupType type="aminoAcid"><!--e.g. glycine -> glycinol -->
		<suffix value="al" subType="endInIne">aldehyde</suffix>
		<suffix value="al" subType="endInAn">aldehyde</suffix>
		<suffix value="aldehyde">aldehyde</suffix>
		<suffix value="aldoxime">aldoxime</suffix>
		<suffix value="amide">amide</suffix>
		<suffix value="amidrazone">amidrazone</suffix>
		<suffix value="amidylium">amidylium</suffix>
		<suffix value="amidium">amidium</suffix>
		<suffix value="amido">amido</suffix>
		<suffix value="anilide">anilide</suffix>
		<suffix value="ate">ate</suffix>
		<suffix value="hydrazide" subType="endInIne">hydrazide</suffix>
		<suffix value="hydrazide" subType="endInAn">hydrazide</suffix>
		<suffix value="hydrazido" subType="endInIne">hydrazido</suffix>
		<suffix value="hydrazido" subType="endInAn">hydrazido</suffix>
		<suffix value="hydroxamate" subType="endInIne">hydroxamate</suffix>
		<suffix value="hydroxamate" subType="endInAn">hydroxamate</suffix>
		<suffix value="hydroxamic" subType="endInIne">hydroxamic</suffix>
		<suffix value="hydroxamic" subType="endInAn">hydroxamic</suffix>
		<suffix value="ic">ic</suffix>
		<suffix value="ic_O_acid">ic_O_acid</suffix>
		<suffix value="ic_S_acid">ic_S_acid</suffix>
		<suffix value="ic_Se_acid">ic_Se_acid</suffix>
		<suffix value="ic_Te_acid">ic_Te_acid</suffix>
		<suffix value="imide">cyclicimide</suffix>
		<suffix value="imidium">cyclicimidium</suffix>
		<suffix value="imido">cyclicimido</suffix>
		<suffix value="imidylium">cyclicimidylium</suffix>
		<suffix value="ium">ium</suffix>
		<suffix value="nitrile">nitrile</suffix>
		<suffix value="nitrilium">nitrilium</suffix>
		<suffix value="ol" subType="endInIne">ol</suffix>
		<suffix value="ol" subType="endInAn">ol</suffix>
		<suffix value="olate" subType="endInIne">olate</suffix>
		<suffix value="olate" subType="endInAn">olate</suffix>
		<suffix value="oyl">oyl</suffix>
		<suffix value="yl">oyl</suffix>
		<suffix value="oMeaningYl">yl</suffix><!--e.g. glycino-->
		<suffix value="locantedAminoAcidOrCarbohydrateYl">yl</suffix><!--locanted yl means something different to unlocanted yl!-->
		<suffix value="locantedAminoAcidOrCarbohydrateYlidene">ylidene</suffix>
	</groupType>

	<groupType type="carbohydrate"><!--e.g. D-Glucose to D-Glucuronic acid-->
<!--used on aldoses e.g. gluconic acid-->
		<suffix value="itol" subType="carbohydrateStemAldose">carbonyl_to_hydroxy</suffix>
		<suffix value="itol" subType="systematicCarbohydrateStemAldose">carbonyl_to_hydroxy</suffix>
		<suffix value="onamide" subType="carbohydrateStemAldose">onamide_aldehyde</suffix>
		<suffix value="onamide" subType="systematicCarbohydrateStemAldose">onamide_aldehyde</suffix>
		<suffix value="onic acid" subType="carbohydrateStemAldose">ous</suffix>
		<suffix value="onic acid" subType="systematicCarbohydrateStemAldose">ous</suffix>
		<suffix value="onate" subType="carbohydrateStemAldose">ite</suffix>
		<suffix value="onate" subType="systematicCarbohydrateStemAldose">ite</suffix>
		<suffix value="ononitrile" subType="carbohydrateStemAldose">ononitrile_aldehyde</suffix>
		<suffix value="ononitrile" subType="systematicCarbohydrateStemAldose">ononitrile_aldehyde</suffix>
		<suffix value="onoyl" subType="carbohydrateStemAldose">yl</suffix>
		<suffix value="onoyl" subType="systematicCarbohydrateStemAldose">yl</suffix>

		<suffix value="lactone">lactone</suffix>
		<!--support for lactams and the like is complicated by the appropriate heteroatom having to be present before applying the suffix e.g. 5-Amino-5-deoxy-D-mannono-1,5-lactam-->

		<suffix value="osonamide">hydroxy_to_amide</suffix>
		<suffix value="osonate">hydroxy_to_ate</suffix>
		<suffix value="osonic acid">hydroxy_to_icacid</suffix>
		<suffix value="osononitrile">hydroxy_to_nitrile</suffix>
		<suffix value="osulose">hydroxy_to_carbonyl</suffix>
		<suffix value="glycoside">ic_nonCarboxylic</suffix>
		<suffix value="uronamide">hydroxy_to_amide</suffix>
		<suffix value="uronate">hydroxy_to_ate</suffix>
		<suffix value="uronic acid">hydroxy_to_icacid</suffix>
		<suffix value="urononitrile">hydroxy_to_nitrile</suffix>
		<suffix value="uronoyl">hydroxy_to_acyl</suffix>
		<suffix value="yl">yl_carbohydrate</suffix><!--glycosyl-->
		<suffix value="locantedAminoAcidOrCarbohydrateYl">yl</suffix><!--locanted yl means something different to unlocanted yl!-->
		<suffix value="locantedAminoAcidOrCarbohydrateYlidene">ylidene</suffix>
	</groupType>

	<groupType type="chalcogenAcidStem"><!--e.g. sulfon to sulfonyl -->
		<suffix value="acylium">ylium</suffix>
		<suffix value="amide">amine</suffix>
		<suffix value="amidylium">aminylium</suffix>
		<suffix value="amido">aminoAndYl</suffix>
		<suffix value="ate">ite</suffix>
		<suffix value="ic">ous</suffix>
		<suffix value="oyl">diyl</suffix>
		<suffix value="yl">diyl</suffix>
		<suffix value="ylidene">ylidene</suffix>
	</groupType>

	<groupType type="nonCarboxylicAcid"><!--e.g. phosphor to phosphoric/phosphourous/phosphoryl-->
		<suffix value="acylium">acylium_nonCarboxylic</suffix>
		<suffix value="ate">ate_nonCarboxylic</suffix>
		<suffix value="ic">ic_nonCarboxylic</suffix>
		<suffix value="ite">ite_nonCarboxylic</suffix>
		<suffix value="ous">ous_nonCarboxylic</suffix>
		<suffix value="yl" subType="ylForAcyl">oyl_nonCarboxylic</suffix>
		<suffix value="oyl">oyl_nonCarboxylic</suffix>
	</groupType>

	<groupType type="standardGroup"><!--e.g. ethan to ethanimine-->
		<suffix value="acylium">acylium</suffix>
		<suffix value="al">aldehyde</suffix>
		<suffix value="aldehyde">aldehyde</suffix>
		<suffix value="aldoxime">aldoxime</suffix>
		<suffix value="amide">amide</suffix>
		<suffix value="amidrazone">amidrazone</suffix>
		<suffix value="amidylium">amidylium</suffix>
		<suffix value="amidine">amidine</suffix>
		<suffix value="amidinium">amidinium</suffix>
		<suffix value="amidium">amidium</suffix>
		<suffix value="amido">amido</suffix>
		<suffix value="amine">amine</suffix>
		<suffix value="aminide">aminide</suffix>
		<suffix value="aminium">aminium</suffix>
		<suffix value="aminyl">amino</suffix>
		<suffix value="aminylium">aminylium</suffix>
		<suffix value="anilide">anilide</suffix>
		<suffix value="arsonous">arsonous</suffix>
		<suffix value="ate">ate</suffix>
		<suffix value="azonic">azonic</suffix>
		<suffix value="arsonite">arsonite</suffix>
		<suffix value="azonate">azonate</suffix>
		<suffix value="azonite">azonite</suffix>
		<suffix value="azonous">azonous</suffix>
		<suffix value="boronate">boronate</suffix>
		<suffix value="boronic">boronic</suffix>
		<suffix value="boronicacidpinacolester">boronicacidpinacolester</suffix>
		<suffix value="carbamate">carbamate</suffix>
		<suffix value="carbamic">carbamic</suffix>
		<suffix value="carbolactone">carbolactone</suffix>
		<suffix value="carbonimidoyl">carboximidoyl</suffix>
		<suffix value="carbonyl">carbonyl</suffix>
		<suffix value="carbonylium">carbonylium</suffix>
		<suffix value="carboxamide">carboxamide</suffix>
		<suffix value="carboxylic">carboxylic</suffix>
		<suffix value="carboxylate">carboxylate</suffix>
		<suffix value="carboxylite">carboxylite</suffix>
		<suffix value="diazonium">diazonium</suffix>
		<suffix value="dicarboximide">dicarboximide</suffix>
		<suffix value="hydrazide">hydrazide</suffix>
		<suffix value="hydrazido">hydrazido</suffix>
		<suffix value="hydrazonic">hydrazonic</suffix>
		<suffix value="hydroxamate">hydroxamate</suffix>
		<suffix value="hydroxamic">hydroxamic</suffix>
		<suffix value="ic">ic</suffix>
		<suffix value="ic_O_acid">ic_O_acid</suffix>
		<suffix value="ic_S_acid">ic_S_acid</suffix>
		<suffix value="ic_Se_acid">ic_Se_acid</suffix>
		<suffix value="ic_Te_acid">ic_Te_acid</suffix>
		<suffix value="ide">ide</suffix>
		<suffix value="imine">imine</suffix>
		<suffix value="iminide">iminide</suffix>
		<suffix value="iminium">iminium</suffix>
		<suffix value="iminyl">iminyl</suffix>
		<suffix value="iminylium">iminylium</suffix>
		<suffix value="io">io</suffix>
		<suffix value="ium">ium</suffix>
		<suffix value="lactam">lactam</suffix>
		<suffix value="lactim">lactim</suffix>
		<suffix value="lactone">lactone</suffix>
		<suffix value="nitrile">nitrile</suffix>
		<suffix value="nitrilium">nitrilium</suffix>
		<suffix value="nitrolic acid">nitrolic acid</suffix>
		<suffix value="ol">ol</suffix>
		<suffix value="olate">olate</suffix>
		<suffix value="olide">lactone</suffix>
		<suffix value="oMeaningYl">yl</suffix><!--e.g. tetrazano-->
		<suffix value="onaphthone">onaphthone</suffix>
		<suffix value="one">one</suffix>
		<suffix value="ophenone">ophenone</suffix>
		<suffix value="oximino">oximino</suffix>
		<suffix value="oxy">oxy</suffix>
		<suffix value="oyl">oyl</suffix>
		<suffix value="phosphonite">phosphonite</suffix>
		<suffix value="phosphonous">phosphonous</suffix>
		<suffix value="selenenic">selenenic</suffix>
		<suffix value="selenenyl">selenenyl</suffix>
		<suffix value="seleninyl">seleninyl</suffix>
		<suffix value="selenonyl">selenonyl</suffix>
		<suffix value="selone">selone</suffix>
		<suffix value="stibonite">stibonite</suffix>
		<suffix value="stibonous">stibonous</suffix>
		<suffix value="sulfamate">sulfamate</suffix>
		<suffix value="sulfamic">sulfamic</suffix>
		<suffix value="sulfenamide">sulfenamide</suffix>
		<suffix value="sulfenamido">sulfenamido</suffix>
		<suffix value="selenenate">selenenate</suffix>
		<suffix value="sulfenate">sulfenate</suffix>
		<suffix value="sulfenic">sulfenic</suffix>
		<suffix value="sulfenoselenoate">sulfenoselenoate</suffix>
		<suffix value="sulfenoselenoic">sulfenoselenoic</suffix>
		<suffix value="sulfenoselenoyl">sulfenoselenoyl</suffix>
		<suffix value="sulfenothioate">sulfenothioate</suffix>
		<suffix value="sulfenothioic">sulfenothioic</suffix>
		<suffix value="sulfenothioyl">sulfenothioyl</suffix>
		<suffix value="sulfenyl">sulfenyl</suffix>
		<suffix value="sulfinyl">sulfinyl</suffix>
		<suffix value="sulfonyl">sulfonyl</suffix>
		<suffix value="sultam">sultam</suffix>
		<suffix value="sultim">sultim</suffix>
		<suffix value="sultine">sultine</suffix>
		<suffix value="sultone">sultone</suffix>
		<suffix value="tellone">tellone</suffix>
		<suffix value="tellurenate">tellurenate</suffix>
		<suffix value="tellurenic">tellurenic</suffix>
		<suffix value="tellurenyl">tellurenyl</suffix>
		<suffix value="tellurinyl">tellurinyl</suffix>
		<suffix value="telluronyl">telluronyl</suffix>
		<suffix value="thione">thione</suffix>
		<suffix value="uide">uide</suffix>
		<suffix value="yl">yl</suffix>
		<suffix value="ylidene">ylidene</suffix>
		<suffix value="ylidyne">ylidyne</suffix>
		<suffix value="ylium">ylium</suffix>
	</groupType>
</suffixApplicability>
